year,_113_cause_name,cause_name,state,deaths,aadr
2012,"Nephritis, nephrotic syndrome and nephrosis (N00-N07,N17-N19,N25-N27)",Kidney disease,Vermont,21,2.6
2017,"Nephritis, nephrotic syndrome and nephrosis (N00-N07,N17-N19,N25-N27)",Kidney disease,Vermont,29,3.3
2016,"Nephritis, nephrotic syndrome and nephrosis (N00-N07,N17-N19,N25-N27)",Kidney disease,Vermont,30,3.7
2013,"Nephritis, nephrotic syndrome and nephrosis (N00-N07,N17-N19,N25-N27)",Kidney disease,Vermont,30,3.8
2000,"Intentional self-harm (suicide) (*U03,X60-X84,Y87.0)",Suicide,District of Columbia,23,3.8
2014,"Nephritis, nephrotic syndrome and nephrosis (N00-N07,N17-N19,N25-N27)",Kidney disease,Arizona,325,4.1
2009,"Intentional self-harm (suicide) (*U03,X60-X84,Y87.0)",Suicide,District of Columbia,29,4.4
2015,"Nephritis, nephrotic syndrome and nephrosis (N00-N07,N17-N19,N25-N27)",Kidney disease,Vermont,39,4.5
2014,"Nephritis, nephrotic syndrome and nephrosis (N00-N07,N17-N19,N25-N27)",Kidney disease,Vermont,37,4.5
2011,"Nephritis, nephrotic syndrome and nephrosis (N00-N07,N17-N19,N25-N27)",Kidney disease,South Dakota,49,4.5
2015,"Intentional self-harm (suicide) (*U03,X60-X84,Y87.0)",Suicide,District of Columbia,34,4.9
2013,"Nephritis, nephrotic syndrome and nephrosis (N00-N07,N17-N19,N25-N27)",Kidney disease,Arizona,374,4.9
2001,"Nephritis, nephrotic syndrome and nephrosis (N00-N07,N17-N19,N25-N27)",Kidney disease,Washington,279,5.0
1999,"Intentional self-harm (suicide) (*U03,X60-X84,Y87.0)",Suicide,District of Columbia,30,5.1
2016,"Intentional self-harm (suicide) (*U03,X60-X84,Y87.0)",Suicide,District of Columbia,40,5.2
2006,"Intentional self-harm (suicide) (*U03,X60-X84,Y87.0)",Suicide,District of Columbia,30,5.2
2002,"Intentional self-harm (suicide) (*U03,X60-X84,Y87.0)",Suicide,District of Columbia,31,5.2
1999,"Nephritis, nephrotic syndrome and nephrosis (N00-N07,N17-N19,N25-N27)",Kidney disease,Washington,278,5.2
2017,"Nephritis, nephrotic syndrome and nephrosis (N00-N07,N17-N19,N25-N27)",Kidney disease,Washington,439,5.3
2003,"Nephritis, nephrotic syndrome and nephrosis (N00-N07,N17-N19,N25-N27)",Kidney disease,Washington,304,5.3
2011,"Nephritis, nephrotic syndrome and nephrosis (N00-N07,N17-N19,N25-N27)",Kidney disease,Vermont,43,5.4
2008,"Nephritis, nephrotic syndrome and nephrosis (N00-N07,N17-N19,N25-N27)",Kidney disease,Vermont,39,5.4
2005,"Intentional self-harm (suicide) (*U03,X60-X84,Y87.0)",Suicide,District of Columbia,33,5.4
2002,"Nephritis, nephrotic syndrome and nephrosis (N00-N07,N17-N19,N25-N27)",Kidney disease,Washington,306,5.4
2000,"Nephritis, nephrotic syndrome and nephrosis (N00-N07,N17-N19,N25-N27)",Kidney disease,Washington,293,5.4
2015,"Nephritis, nephrotic syndrome and nephrosis (N00-N07,N17-N19,N25-N27)",Kidney disease,Arizona,458,5.5
2004,"Intentional self-harm (suicide) (*U03,X60-X84,Y87.0)",Suicide,District of Columbia,33,5.5
2012,"Nephritis, nephrotic syndrome and nephrosis (N00-N07,N17-N19,N25-N27)",Kidney disease,South Dakota,58,5.6
2011,"Intentional self-harm (suicide) (*U03,X60-X84,Y87.0)",Suicide,District of Columbia,37,5.6
2011,"Nephritis, nephrotic syndrome and nephrosis (N00-N07,N17-N19,N25-N27)",Kidney disease,Arizona,395,5.6
2016,"Nephritis, nephrotic syndrome and nephrosis (N00-N07,N17-N19,N25-N27)",Kidney disease,Arizona,487,5.7
2013,"Intentional self-harm (suicide) (*U03,X60-X84,Y87.0)",Suicide,District of Columbia,38,5.7
2012,"Intentional self-harm (suicide) (*U03,X60-X84,Y87.0)",Suicide,District of Columbia,37,5.7
2012,"Nephritis, nephrotic syndrome and nephrosis (N00-N07,N17-N19,N25-N27)",Kidney disease,Arizona,414,5.7
2006,"Nephritis, nephrotic syndrome and nephrosis (N00-N07,N17-N19,N25-N27)",Kidney disease,Iowa,225,5.8
2005,"Nephritis, nephrotic syndrome and nephrosis (N00-N07,N17-N19,N25-N27)",Kidney disease,South Dakota,55,5.8
2015,"Nephritis, nephrotic syndrome and nephrosis (N00-N07,N17-N19,N25-N27)",Kidney disease,Washington,474,5.9
2013,"Nephritis, nephrotic syndrome and nephrosis (N00-N07,N17-N19,N25-N27)",Kidney disease,South Dakota,64,5.9
2004,"Nephritis, nephrotic syndrome and nephrosis (N00-N07,N17-N19,N25-N27)",Kidney disease,Washington,348,5.9
2003,"Intentional self-harm (suicide) (*U03,X60-X84,Y87.0)",Suicide,New York,1169,5.9
2000,"Intentional self-harm (suicide) (*U03,X60-X84,Y87.0)",Suicide,New York,1132,5.9
2007,"Intentional self-harm (suicide) (*U03,X60-X84,Y87.0)",Suicide,District of Columbia,36,6.0
2005,"Intentional self-harm (suicide) (*U03,X60-X84,Y87.0)",Suicide,New York,1189,6.0
2004,"Intentional self-harm (suicide) (*U03,X60-X84,Y87.0)",Suicide,New York,1187,6.0
2001,"Nephritis, nephrotic syndrome and nephrosis (N00-N07,N17-N19,N25-N27)",Kidney disease,Iowa,220,6.0
2000,"Intentional self-harm (suicide) (*U03,X60-X84,Y87.0)",Suicide,Massachusetts,387,6.0
2013,"Nephritis, nephrotic syndrome and nephrosis (N00-N07,N17-N19,N25-N27)",Kidney disease,Washington,461,6.1
2005,"Intentional self-harm (suicide) (*U03,X60-X84,Y87.0)",Suicide,New Jersey,536,6.1
2003,"Intentional self-harm (suicide) (*U03,X60-X84,Y87.0)",Suicide,District of Columbia,36,6.1
2017,"Nephritis, nephrotic syndrome and nephrosis (N00-N07,N17-N19,N25-N27)",Kidney disease,Arizona,540,6.2
2014,"Nephritis, nephrotic syndrome and nephrosis (N00-N07,N17-N19,N25-N27)",Kidney disease,Washington,481,6.2
2009,"Intentional self-harm (suicide) (*U03,X60-X84,Y87.0)",Suicide,New Jersey,557,6.2
2001,"Nephritis, nephrotic syndrome and nephrosis (N00-N07,N17-N19,N25-N27)",Kidney disease,North Dakota,50,6.2
2000,"Nephritis, nephrotic syndrome and nephrosis (N00-N07,N17-N19,N25-N27)",Kidney disease,California,1785,6.2
2007,"Nephritis, nephrotic syndrome and nephrosis (N00-N07,N17-N19,N25-N27)",Kidney disease,North Dakota,56,6.3
2005,"Intentional self-harm (suicide) (*U03,X60-X84,Y87.0)",Suicide,Rhode Island,71,6.3
2002,"Intentional self-harm (suicide) (*U03,X60-X84,Y87.0)",Suicide,New Jersey,553,6.3
2002,"Intentional self-harm (suicide) (*U03,X60-X84,Y87.0)",Suicide,New York,1228,6.3
1999,"Intentional self-harm (suicide) (*U03,X60-X84,Y87.0)",Suicide,New York,1196,6.3
2006,"Nephritis, nephrotic syndrome and nephrosis (N00-N07,N17-N19,N25-N27)",Kidney disease,South Dakota,62,6.4
2005,"Nephritis, nephrotic syndrome and nephrosis (N00-N07,N17-N19,N25-N27)",Kidney disease,Iowa,250,6.4
2004,"Intentional self-harm (suicide) (*U03,X60-X84,Y87.0)",Suicide,Massachusetts,425,6.4
2004,"Nephritis, nephrotic syndrome and nephrosis (N00-N07,N17-N19,N25-N27)",Kidney disease,North Dakota,55,6.4
1999,"Nephritis, nephrotic syndrome and nephrosis (N00-N07,N17-N19,N25-N27)",Kidney disease,Iowa,226,6.4
2014,"Nephritis, nephrotic syndrome and nephrosis (N00-N07,N17-N19,N25-N27)",Kidney disease,South Dakota,72,6.5
2006,"Intentional self-harm (suicide) (*U03,X60-X84,Y87.0)",Suicide,New Jersey,585,6.5
2003,"Intentional self-harm (suicide) (*U03,X60-X84,Y87.0)",Suicide,Massachusetts,433,6.5
2003,"Nephritis, nephrotic syndrome and nephrosis (N00-N07,N17-N19,N25-N27)",Kidney disease,Iowa,241,6.5
2001,"Intentional self-harm (suicide) (*U03,X60-X84,Y87.0)",Suicide,District of Columbia,40,6.5
2001,"Intentional self-harm (suicide) (*U03,X60-X84,Y87.0)",Suicide,Massachusetts,426,6.5
2001,"Intentional self-harm (suicide) (*U03,X60-X84,Y87.0)",Suicide,New York,1253,6.5
2017,"Intentional self-harm (suicide) (*U03,X60-X84,Y87.0)",Suicide,District of Columbia,47,6.6
2016,"Nephritis, nephrotic syndrome and nephrosis (N00-N07,N17-N19,N25-N27)",Kidney disease,Washington,532,6.6
2012,"Nephritis, nephrotic syndrome and nephrosis (N00-N07,N17-N19,N25-N27)",Kidney disease,Washington,482,6.6
2006,"Nephritis, nephrotic syndrome and nephrosis (N00-N07,N17-N19,N25-N27)",Kidney disease,North Dakota,59,6.6
2003,"Nephritis, nephrotic syndrome and nephrosis (N00-N07,N17-N19,N25-N27)",Kidney disease,North Dakota,56,6.6
2002,"Intentional self-harm (suicide) (*U03,X60-X84,Y87.0)",Suicide,Massachusetts,436,6.6
2000,"Intentional self-harm (suicide) (*U03,X60-X84,Y87.0)",Suicide,New Jersey,560,6.6
1999,"Intentional self-harm (suicide) (*U03,X60-X84,Y87.0)",Suicide,New Jersey,563,6.6
2010,"Nephritis, nephrotic syndrome and nephrosis (N00-N07,N17-N19,N25-N27)",Kidney disease,Vermont,50,6.7
2007,"Intentional self-harm (suicide) (*U03,X60-X84,Y87.0)",Suicide,New Jersey,596,6.7
2006,"Intentional self-harm (suicide) (*U03,X60-X84,Y87.0)",Suicide,Massachusetts,450,6.7
2006,"Intentional self-harm (suicide) (*U03,X60-X84,Y87.0)",Suicide,New York,1326,6.7
2006,"Nephritis, nephrotic syndrome and nephrosis (N00-N07,N17-N19,N25-N27)",Kidney disease,Washington,423,6.7
2003,"Intentional self-harm (suicide) (*U03,X60-X84,Y87.0)",Suicide,New Jersey,588,6.7
1999,"Intentional self-harm (suicide) (*U03,X60-X84,Y87.0)",Suicide,Massachusetts,431,6.7
2017,"Nephritis, nephrotic syndrome and nephrosis (N00-N07,N17-N19,N25-N27)",Kidney disease,South Dakota,75,6.8
2011,"Nephritis, nephrotic syndrome and nephrosis (N00-N07,N17-N19,N25-N27)",Kidney disease,Oregon,316,6.8
2011,"Nephritis, nephrotic syndrome and nephrosis (N00-N07,N17-N19,N25-N27)",Kidney disease,Washington,492,6.8
2009,"Nephritis, nephrotic syndrome and nephrosis (N00-N07,N17-N19,N25-N27)",Kidney disease,Vermont,49,6.8
2008,"Intentional self-harm (suicide) (*U03,X60-X84,Y87.0)",Suicide,New Jersey,615,6.8
2007,"Nephritis, nephrotic syndrome and nephrosis (N00-N07,N17-N19,N25-N27)",Kidney disease,Washington,440,6.8
2004,"Intentional self-harm (suicide) (*U03,X60-X84,Y87.0)",Suicide,New Jersey,597,6.8
2002,"Nephritis, nephrotic syndrome and nephrosis (N00-N07,N17-N19,N25-N27)",Kidney disease,Alaska,21,6.8
2001,"Intentional self-harm (suicide) (*U03,X60-X84,Y87.0)",Suicide,New Jersey,588,6.8
2001,"Nephritis, nephrotic syndrome and nephrosis (N00-N07,N17-N19,N25-N27)",Kidney disease,California,1994,6.8
1999,"Nephritis, nephrotic syndrome and nephrosis (N00-N07,N17-N19,N25-N27)",Kidney disease,Wyoming,30,6.8
2013,"Nephritis, nephrotic syndrome and nephrosis (N00-N07,N17-N19,N25-N27)",Kidney disease,Oregon,327,6.9
2012,"Nephritis, nephrotic syndrome and nephrosis (N00-N07,N17-N19,N25-N27)",Kidney disease,Oregon,320,6.9
2010,"Intentional self-harm (suicide) (*U03,X60-X84,Y87.0)",Suicide,District of Columbia,41,6.9
2007,"Nephritis, nephrotic syndrome and nephrosis (N00-N07,N17-N19,N25-N27)",Kidney disease,Iowa,272,6.9
2002,"Nephritis, nephrotic syndrome and nephrosis (N00-N07,N17-N19,N25-N27)",Kidney disease,North Dakota,57,6.9
2016,Influenza and pneumonia (J09-J18),Influenza and pneumonia,Vermont,59,7.0
2011,"Nephritis, nephrotic syndrome and nephrosis (N00-N07,N17-N19,N25-N27)",Kidney disease,California,2599,7.0
2009,Influenza and pneumonia (J09-J18),Influenza and pneumonia,Vermont,52,7.0
2009,"Intentional self-harm (suicide) (*U03,X60-X84,Y87.0)",Suicide,New York,1417,7.0
2002,"Nephritis, nephrotic syndrome and nephrosis (N00-N07,N17-N19,N25-N27)",Kidney disease,Idaho,86,7.0
1999,Alzheimer's disease (G30),Alzheimer's disease,New York,1357,7.0
2008,"Intentional self-harm (suicide) (*U03,X60-X84,Y87.0)",Suicide,New York,1409,7.1
2008,"Nephritis, nephrotic syndrome and nephrosis (N00-N07,N17-N19,N25-N27)",Kidney disease,Washington,471,7.1
2007,"Intentional self-harm (suicide) (*U03,X60-X84,Y87.0)",Suicide,New York,1396,7.1
2004,"Nephritis, nephrotic syndrome and nephrosis (N00-N07,N17-N19,N25-N27)",Kidney disease,Alaska,23,7.1
2002,"Nephritis, nephrotic syndrome and nephrosis (N00-N07,N17-N19,N25-N27)",Kidney disease,Iowa,261,7.1
2000,"Intentional self-harm (suicide) (*U03,X60-X84,Y87.0)",Suicide,Rhode Island,75,7.1
2016,"Intentional self-harm (suicide) (*U03,X60-X84,Y87.0)",Suicide,New Jersey,687,7.2
2013,"Nephritis, nephrotic syndrome and nephrosis (N00-N07,N17-N19,N25-N27)",Kidney disease,California,2840,7.2
2012,"Nephritis, nephrotic syndrome and nephrosis (N00-N07,N17-N19,N25-N27)",Kidney disease,California,2728,7.2
2012,"Nephritis, nephrotic syndrome and nephrosis (N00-N07,N17-N19,N25-N27)",Kidney disease,District of Columbia,44,7.2
2005,"Intentional self-harm (suicide) (*U03,X60-X84,Y87.0)",Suicide,Massachusetts,480,7.2
2004,"Nephritis, nephrotic syndrome and nephrosis (N00-N07,N17-N19,N25-N27)",Kidney disease,Iowa,266,7.2
2002,"Nephritis, nephrotic syndrome and nephrosis (N00-N07,N17-N19,N25-N27)",Kidney disease,California,2164,7.2
2002,"Nephritis, nephrotic syndrome and nephrosis (N00-N07,N17-N19,N25-N27)",Kidney disease,Oregon,266,7.2
2001,"Nephritis, nephrotic syndrome and nephrosis (N00-N07,N17-N19,N25-N27)",Kidney disease,Alaska,24,7.2
2017,"Nephritis, nephrotic syndrome and nephrosis (N00-N07,N17-N19,N25-N27)",Kidney disease,Oregon,377,7.3
2010,"Nephritis, nephrotic syndrome and nephrosis (N00-N07,N17-N19,N25-N27)",Kidney disease,South Dakota,74,7.3
2008,"Intentional self-harm (suicide) (*U03,X60-X84,Y87.0)",Suicide,District of Columbia,43,7.3
2007,"Intentional self-harm (suicide) (*U03,X60-X84,Y87.0)",Suicide,Connecticut,271,7.3
2002,"Intentional self-harm (suicide) (*U03,X60-X84,Y87.0)",Suicide,Connecticut,260,7.3
1999,"Nephritis, nephrotic syndrome and nephrosis (N00-N07,N17-N19,N25-N27)",Kidney disease,Oregon,260,7.3
2015,"Nephritis, nephrotic syndrome and nephrosis (N00-N07,N17-N19,N25-N27)",Kidney disease,South Dakota,79,7.4
2012,"Intentional self-harm (suicide) (*U03,X60-X84,Y87.0)",Suicide,New Jersey,683,7.4
2006,"Nephritis, nephrotic syndrome and nephrosis (N00-N07,N17-N19,N25-N27)",Kidney disease,Vermont,52,7.4
2005,"Nephritis, nephrotic syndrome and nephrosis (N00-N07,N17-N19,N25-N27)",Kidney disease,Oregon,295,7.4
2011,"Intentional self-harm (suicide) (*U03,X60-X84,Y87.0)",Suicide,New Jersey,689,7.5
2009,"Nephritis, nephrotic syndrome and nephrosis (N00-N07,N17-N19,N25-N27)",Kidney disease,Washington,509,7.5
2008,"Intentional self-harm (suicide) (*U03,X60-X84,Y87.0)",Suicide,Massachusetts,509,7.5
2005,"Nephritis, nephrotic syndrome and nephrosis (N00-N07,N17-N19,N25-N27)",Kidney disease,Washington,450,7.5
2003,"Intentional self-harm (suicide) (*U03,X60-X84,Y87.0)",Suicide,Connecticut,272,7.5
2016,"Nephritis, nephrotic syndrome and nephrosis (N00-N07,N17-N19,N25-N27)",Kidney disease,South Dakota,90,7.6
2014,"Nephritis, nephrotic syndrome and nephrosis (N00-N07,N17-N19,N25-N27)",Kidney disease,Iowa,313,7.6
2009,"Nephritis, nephrotic syndrome and nephrosis (N00-N07,N17-N19,N25-N27)",Kidney disease,Iowa,302,7.6
2007,"Nephritis, nephrotic syndrome and nephrosis (N00-N07,N17-N19,N25-N27)",Kidney disease,Vermont,54,7.6
2004,"Intentional self-harm (suicide) (*U03,X60-X84,Y87.0)",Suicide,Rhode Island,85,7.6
2004,"Nephritis, nephrotic syndrome and nephrosis (N00-N07,N17-N19,N25-N27)",Kidney disease,California,2373,7.6
2003,"Nephritis, nephrotic syndrome and nephrosis (N00-N07,N17-N19,N25-N27)",Kidney disease,California,2334,7.6
2017,"Nephritis, nephrotic syndrome and nephrosis (N00-N07,N17-N19,N25-N27)",Kidney disease,Minnesota,537,7.7
2016,"Nephritis, nephrotic syndrome and nephrosis (N00-N07,N17-N19,N25-N27)",Kidney disease,Oregon,398,7.7
2014,"Nephritis, nephrotic syndrome and nephrosis (N00-N07,N17-N19,N25-N27)",Kidney disease,California,3119,7.7
2014,"Nephritis, nephrotic syndrome and nephrosis (N00-N07,N17-N19,N25-N27)",Kidney disease,Oregon,378,7.7
2010,"Intentional self-harm (suicide) (*U03,X60-X84,Y87.0)",Suicide,New Jersey,719,7.7
2010,"Intentional self-harm (suicide) (*U03,X60-X84,Y87.0)",Suicide,New York,1547,7.7
2007,"Intentional self-harm (suicide) (*U03,X60-X84,Y87.0)",Suicide,Massachusetts,516,7.7
2007,"Nephritis, nephrotic syndrome and nephrosis (N00-N07,N17-N19,N25-N27)",Kidney disease,South Dakota,77,7.7
2005,"Nephritis, nephrotic syndrome and nephrosis (N00-N07,N17-N19,N25-N27)",Kidney disease,California,2482,7.7
2005,"Nephritis, nephrotic syndrome and nephrosis (N00-N07,N17-N19,N25-N27)",Kidney disease,Vermont,52,7.7
2003,"Intentional self-harm (suicide) (*U03,X60-X84,Y87.0)",Suicide,Rhode Island,84,7.7
2003,"Nephritis, nephrotic syndrome and nephrosis (N00-N07,N17-N19,N25-N27)",Kidney disease,Idaho,97,7.7
2016,Influenza and pneumonia (J09-J18),Influenza and pneumonia,Minnesota,529,7.8
2015,"Intentional self-harm (suicide) (*U03,X60-X84,Y87.0)",Suicide,New York,1652,7.8
2014,"Intentional self-harm (suicide) (*U03,X60-X84,Y87.0)",Suicide,District of Columbia,52,7.8
2011,"Nephritis, nephrotic syndrome and nephrosis (N00-N07,N17-N19,N25-N27)",Kidney disease,Iowa,316,7.8
2009,"Intentional self-harm (suicide) (*U03,X60-X84,Y87.0)",Suicide,Massachusetts,530,7.8
2008,"Nephritis, nephrotic syndrome and nephrosis (N00-N07,N17-N19,N25-N27)",Kidney disease,Arizona,503,7.8
2008,"Nephritis, nephrotic syndrome and nephrosis (N00-N07,N17-N19,N25-N27)",Kidney disease,Iowa,304,7.8
2000,Alzheimer's disease (G30),Alzheimer's disease,New York,1539,7.8
2012,"Nephritis, nephrotic syndrome and nephrosis (N00-N07,N17-N19,N25-N27)",Kidney disease,Iowa,322,7.9
2010,"Nephritis, nephrotic syndrome and nephrosis (N00-N07,N17-N19,N25-N27)",Kidney disease,Arizona,537,7.9
2006,"Intentional self-harm (suicide) (*U03,X60-X84,Y87.0)",Suicide,Illinois,1010,7.9
2005,"Nephritis, nephrotic syndrome and nephrosis (N00-N07,N17-N19,N25-N27)",Kidney disease,North Dakota,67,7.9
2002,"Intentional self-harm (suicide) (*U03,X60-X84,Y87.0)",Suicide,Rhode Island,86,7.9
1999,"Intentional self-harm (suicide) (*U03,X60-X84,Y87.0)",Suicide,Connecticut,274,7.9
2015,"Nephritis, nephrotic syndrome and nephrosis (N00-N07,N17-N19,N25-N27)",Kidney disease,Iowa,336,8.0
2014,"Nephritis, nephrotic syndrome and nephrosis (N00-N07,N17-N19,N25-N27)",Kidney disease,District of Columbia,49,8.0
2014,"Nephritis, nephrotic syndrome and nephrosis (N00-N07,N17-N19,N25-N27)",Kidney disease,Idaho,137,8.0
2013,"Intentional self-harm (suicide) (*U03,X60-X84,Y87.0)",Suicide,New Jersey,757,8.0
2012,"Nephritis, nephrotic syndrome and nephrosis (N00-N07,N17-N19,N25-N27)",Kidney disease,Montana,100,8.0
2010,Influenza and pneumonia (J09-J18),Influenza and pneumonia,Vermont,60,8.0
2010,"Nephritis, nephrotic syndrome and nephrosis (N00-N07,N17-N19,N25-N27)",Kidney disease,Washington,552,8.0
2006,"Intentional self-harm (suicide) (*U03,X60-X84,Y87.0)",Suicide,Connecticut,292,8.0
2004,"Nephritis, nephrotic syndrome and nephrosis (N00-N07,N17-N19,N25-N27)",Kidney disease,Oregon,308,8.0
2003,"Intentional self-harm (suicide) (*U03,X60-X84,Y87.0)",Suicide,Illinois,1011,8.0
2001,"Nephritis, nephrotic syndrome and nephrosis (N00-N07,N17-N19,N25-N27)",Kidney disease,Idaho,95,8.0
2000,"Nephritis, nephrotic syndrome and nephrosis (N00-N07,N17-N19,N25-N27)",Kidney disease,North Dakota,67,8.0
1999,"Nephritis, nephrotic syndrome and nephrosis (N00-N07,N17-N19,N25-N27)",Kidney disease,California,2261,8.0
1999,"Nephritis, nephrotic syndrome and nephrosis (N00-N07,N17-N19,N25-N27)",Kidney disease,New Hampshire,93,8.0
2017,"Intentional self-harm (suicide) (*U03,X60-X84,Y87.0)",Suicide,New York,1696,8.1
2016,"Intentional self-harm (suicide) (*U03,X60-X84,Y87.0)",Suicide,New York,1679,8.1
2014,"Intentional self-harm (suicide) (*U03,X60-X84,Y87.0)",Suicide,New York,1700,8.1
2013,"Intentional self-harm (suicide) (*U03,X60-X84,Y87.0)",Suicide,New York,1687,8.1
2012,Influenza and pneumonia (J09-J18),Influenza and pneumonia,Oregon,382,8.1
2010,"Nephritis, nephrotic syndrome and nephrosis (N00-N07,N17-N19,N25-N27)",Kidney disease,Iowa,323,8.1
2005,"Intentional self-harm (suicide) (*U03,X60-X84,Y87.0)",Suicide,Connecticut,295,8.1
2004,"Intentional self-harm (suicide) (*U03,X60-X84,Y87.0)",Suicide,Illinois,1028,8.1
2003,"Nephritis, nephrotic syndrome and nephrosis (N00-N07,N17-N19,N25-N27)",Kidney disease,Oregon,306,8.1
2003,"Nephritis, nephrotic syndrome and nephrosis (N00-N07,N17-N19,N25-N27)",Kidney disease,Vermont,53,8.1
2001,"Intentional self-harm (suicide) (*U03,X60-X84,Y87.0)",Suicide,Connecticut,283,8.1
2001,"Intentional self-harm (suicide) (*U03,X60-X84,Y87.0)",Suicide,Rhode Island,88,8.1
2000,"Intentional self-harm (suicide) (*U03,X60-X84,Y87.0)",Suicide,Illinois,1003,8.1
2015,"Nephritis, nephrotic syndrome and nephrosis (N00-N07,N17-N19,N25-N27)",Kidney disease,Oregon,409,8.2
2014,"Intentional self-harm (suicide) (*U03,X60-X84,Y87.0)",Suicide,Massachusetts,596,8.2
2013,"Intentional self-harm (suicide) (*U03,X60-X84,Y87.0)",Suicide,Massachusetts,572,8.2
2011,"Intentional self-harm (suicide) (*U03,X60-X84,Y87.0)",Suicide,New York,1658,8.2
2006,"Intentional self-harm (suicide) (*U03,X60-X84,Y87.0)",Suicide,Rhode Island,90,8.2
2006,"Nephritis, nephrotic syndrome and nephrosis (N00-N07,N17-N19,N25-N27)",Kidney disease,California,2676,8.2
2005,"Intentional self-harm (suicide) (*U03,X60-X84,Y87.0)",Suicide,Hawaii,107,8.2
2005,"Nephritis, nephrotic syndrome and nephrosis (N00-N07,N17-N19,N25-N27)",Kidney disease,Idaho,110,8.2
2004,"Intentional self-harm (suicide) (*U03,X60-X84,Y87.0)",Suicide,Connecticut,294,8.2
2000,"Nephritis, nephrotic syndrome and nephrosis (N00-N07,N17-N19,N25-N27)",Kidney disease,Idaho,96,8.2
2000,"Nephritis, nephrotic syndrome and nephrosis (N00-N07,N17-N19,N25-N27)",Kidney disease,Oregon,295,8.2
2017,"Intentional self-harm (suicide) (*U03,X60-X84,Y87.0)",Suicide,New Jersey,795,8.3
2016,"Nephritis, nephrotic syndrome and nephrosis (N00-N07,N17-N19,N25-N27)",Kidney disease,Iowa,352,8.3
2015,"Intentional self-harm (suicide) (*U03,X60-X84,Y87.0)",Suicide,New Jersey,789,8.3
2014,"Intentional self-harm (suicide) (*U03,X60-X84,Y87.0)",Suicide,New Jersey,786,8.3
2012,"Intentional self-harm (suicide) (*U03,X60-X84,Y87.0)",Suicide,New York,1708,8.3
2010,Influenza and pneumonia (J09-J18),Influenza and pneumonia,Washington,578,8.3
2010,"Intentional self-harm (suicide) (*U03,X60-X84,Y87.0)",Suicide,Maryland,502,8.3
2009,"Nephritis, nephrotic syndrome and nephrosis (N00-N07,N17-N19,N25-N27)",Kidney disease,Arizona,546,8.3
2008,"Nephritis, nephrotic syndrome and nephrosis (N00-N07,N17-N19,N25-N27)",Kidney disease,California,2854,8.3
2002,"Nephritis, nephrotic syndrome and nephrosis (N00-N07,N17-N19,N25-N27)",Kidney disease,Vermont,53,8.3
1999,"Intentional self-harm (suicide) (*U03,X60-X84,Y87.0)",Suicide,Illinois,1020,8.3
1999,"Intentional self-harm (suicide) (*U03,X60-X84,Y87.0)",Suicide,Maryland,435,8.3
2015,Influenza and pneumonia (J09-J18),Influenza and pneumonia,Alaska,41,8.4
2011,Influenza and pneumonia (J09-J18),Influenza and pneumonia,Vermont,68,8.4
2011,"Intentional self-harm (suicide) (*U03,X60-X84,Y87.0)",Suicide,Massachusetts,585,8.4
2005,"Intentional self-harm (suicide) (*U03,X60-X84,Y87.0)",Suicide,Maryland,472,8.4
2003,"Nephritis, nephrotic syndrome and nephrosis (N00-N07,N17-N19,N25-N27)",Kidney disease,Alaska,28,8.4
2001,"Intentional self-harm (suicide) (*U03,X60-X84,Y87.0)",Suicide,Maryland,454,8.4
2015,"Nephritis, nephrotic syndrome and nephrosis (N00-N07,N17-N19,N25-N27)",Kidney disease,Colorado,458,8.5
2014,"Nephritis, nephrotic syndrome and nephrosis (N00-N07,N17-N19,N25-N27)",Kidney disease,Colorado,448,8.5
2012,Influenza and pneumonia (J09-J18),Influenza and pneumonia,Florida,2338,8.5
2009,"Intentional self-harm (suicide) (*U03,X60-X84,Y87.0)",Suicide,Connecticut,316,8.5
2008,"Intentional self-harm (suicide) (*U03,X60-X84,Y87.0)",Suicide,Connecticut,315,8.5
2007,"Nephritis, nephrotic syndrome and nephrosis (N00-N07,N17-N19,N25-N27)",Kidney disease,Arizona,528,8.5
2007,"Nephritis, nephrotic syndrome and nephrosis (N00-N07,N17-N19,N25-N27)",Kidney disease,California,2835,8.5
2004,"Nephritis, nephrotic syndrome and nephrosis (N00-N07,N17-N19,N25-N27)",Kidney disease,Idaho,109,8.5
2004,"Nephritis, nephrotic syndrome and nephrosis (N00-N07,N17-N19,N25-N27)",Kidney disease,Vermont,57,8.5
2001,Alzheimer's disease (G30),Alzheimer's disease,New York,1705,8.5
2001,"Intentional self-harm (suicide) (*U03,X60-X84,Y87.0)",Suicide,California,2831,8.5
2016,"Nephritis, nephrotic syndrome and nephrosis (N00-N07,N17-N19,N25-N27)",Kidney disease,California,3640,8.6
2015,"Nephritis, nephrotic syndrome and nephrosis (N00-N07,N17-N19,N25-N27)",Kidney disease,California,3557,8.6
2009,"Nephritis, nephrotic syndrome and nephrosis (N00-N07,N17-N19,N25-N27)",Kidney disease,California,3033,8.6
2007,"Intentional self-harm (suicide) (*U03,X60-X84,Y87.0)",Suicide,Illinois,1108,8.6
2006,"Intentional self-harm (suicide) (*U03,X60-X84,Y87.0)",Suicide,Maryland,495,8.6
2005,"Intentional self-harm (suicide) (*U03,X60-X84,Y87.0)",Suicide,Illinois,1086,8.6
2000,"Nephritis, nephrotic syndrome and nephrosis (N00-N07,N17-N19,N25-N27)",Kidney disease,Iowa,313,8.6
1999,"Nephritis, nephrotic syndrome and nephrosis (N00-N07,N17-N19,N25-N27)",Kidney disease,Idaho,99,8.6
2015,"Nephritis, nephrotic syndrome and nephrosis (N00-N07,N17-N19,N25-N27)",Kidney disease,Idaho,154,8.7
2013,"Intentional self-harm (suicide) (*U03,X60-X84,Y87.0)",Suicide,Connecticut,330,8.7
2012,"Intentional self-harm (suicide) (*U03,X60-X84,Y87.0)",Suicide,Massachusetts,604,8.7
2011,Influenza and pneumonia (J09-J18),Influenza and pneumonia,Oregon,401,8.7
2010,"Nephritis, nephrotic syndrome and nephrosis (N00-N07,N17-N19,N25-N27)",Kidney disease,California,3112,8.7
2008,"Intentional self-harm (suicide) (*U03,X60-X84,Y87.0)",Suicide,Maryland,507,8.7
2017,"Nephritis, nephrotic syndrome and nephrosis (N00-N07,N17-N19,N25-N27)",Kidney disease,Iowa,367,8.8
2016,"Intentional self-harm (suicide) (*U03,X60-X84,Y87.0)",Suicide,Massachusetts,631,8.8
2016,"Nephritis, nephrotic syndrome and nephrosis (N00-N07,N17-N19,N25-N27)",Kidney disease,Minnesota,588,8.8
2016,"Nephritis, nephrotic syndrome and nephrosis (N00-N07,N17-N19,N25-N27)",Kidney disease,Nevada,274,8.8
2015,"Intentional self-harm (suicide) (*U03,X60-X84,Y87.0)",Suicide,Maryland,553,8.8
2013,"Nephritis, nephrotic syndrome and nephrosis (N00-N07,N17-N19,N25-N27)",Kidney disease,District of Columbia,54,8.8
2013,"Nephritis, nephrotic syndrome and nephrosis (N00-N07,N17-N19,N25-N27)",Kidney disease,Idaho,148,8.8
2013,"Nephritis, nephrotic syndrome and nephrosis (N00-N07,N17-N19,N25-N27)",Kidney disease,Iowa,369,8.8
2012,"Nephritis, nephrotic syndrome and nephrosis (N00-N07,N17-N19,N25-N27)",Kidney disease,Idaho,148,8.8
2011,"Nephritis, nephrotic syndrome and nephrosis (N00-N07,N17-N19,N25-N27)",Kidney disease,Montana,104,8.8
2010,"Intentional self-harm (suicide) (*U03,X60-X84,Y87.0)",Suicide,Massachusetts,598,8.8
2007,"Intentional self-harm (suicide) (*U03,X60-X84,Y87.0)",Suicide,Rhode Island,96,8.8
2006,"Nephritis, nephrotic syndrome and nephrosis (N00-N07,N17-N19,N25-N27)",Kidney disease,Oregon,353,8.8
2004,"Intentional self-harm (suicide) (*U03,X60-X84,Y87.0)",Suicide,Maryland,500,8.8
2002,"Intentional self-harm (suicide) (*U03,X60-X84,Y87.0)",Suicide,Maryland,477,8.8
2000,"Intentional self-harm (suicide) (*U03,X60-X84,Y87.0)",Suicide,Connecticut,304,8.8
2017,"Nephritis, nephrotic syndrome and nephrosis (N00-N07,N17-N19,N25-N27)",Kidney disease,California,3887,8.9
2017,"Nephritis, nephrotic syndrome and nephrosis (N00-N07,N17-N19,N25-N27)",Kidney disease,Colorado,503,8.9
2016,Influenza and pneumonia (J09-J18),Influenza and pneumonia,Oregon,452,8.9
2016,"Nephritis, nephrotic syndrome and nephrosis (N00-N07,N17-N19,N25-N27)",Kidney disease,Colorado,491,8.9
2015,Influenza and pneumonia (J09-J18),Influenza and pneumonia,Florida,2676,8.9
2015,"Intentional self-harm (suicide) (*U03,X60-X84,Y87.0)",Suicide,Massachusetts,642,8.9
2012,"Nephritis, nephrotic syndrome and nephrosis (N00-N07,N17-N19,N25-N27)",Kidney disease,Colorado,428,8.9
2011,"Intentional self-harm (suicide) (*U03,X60-X84,Y87.0)",Suicide,Rhode Island,101,8.9
2010,Influenza and pneumonia (J09-J18),Influenza and pneumonia,Florida,2259,8.9
2010,"Nephritis, nephrotic syndrome and nephrosis (N00-N07,N17-N19,N25-N27)",Kidney disease,Oregon,400,8.9
2009,"Nephritis, nephrotic syndrome and nephrosis (N00-N07,N17-N19,N25-N27)",Kidney disease,Oregon,387,8.9
2004,"Intentional self-harm (suicide) (*U03,X60-X84,Y87.0)",Suicide,Hawaii,116,8.9
2003,"Intentional self-harm (suicide) (*U03,X60-X84,Y87.0)",Suicide,Maryland,491,8.9
2002,Alzheimer's disease (G30),Alzheimer's disease,New York,1803,8.9
2000,"Intentional self-harm (suicide) (*U03,X60-X84,Y87.0)",Suicide,Minnesota,440,8.9
2000,"Nephritis, nephrotic syndrome and nephrosis (N00-N07,N17-N19,N25-N27)",Kidney disease,Florida,1888,8.9
1999,"Nephritis, nephrotic syndrome and nephrosis (N00-N07,N17-N19,N25-N27)",Kidney disease,Florida,1846,8.9
2017,"Nephritis, nephrotic syndrome and nephrosis (N00-N07,N17-N19,N25-N27)",Kidney disease,Idaho,170,9.0
2017,"Nephritis, nephrotic syndrome and nephrosis (N00-N07,N17-N19,N25-N27)",Kidney disease,Nevada,299,9.0
2016,"Nephritis, nephrotic syndrome and nephrosis (N00-N07,N17-N19,N25-N27)",Kidney disease,District of Columbia,57,9.0
2015,Influenza and pneumonia (J09-J18),Influenza and pneumonia,Oregon,453,9.0
2013,"Nephritis, nephrotic syndrome and nephrosis (N00-N07,N17-N19,N25-N27)",Kidney disease,Colorado,450,9.0
2010,"Intentional self-harm (suicide) (*U03,X60-X84,Y87.0)",Suicide,Illinois,1178,9.0
2007,"Intentional self-harm (suicide) (*U03,X60-X84,Y87.0)",Suicide,Maryland,518,9.0
2006,"Intentional self-harm (suicide) (*U03,X60-X84,Y87.0)",Suicide,Hawaii,120,9.0
2003,Alzheimer's disease (G30),Alzheimer's disease,New York,1866,9.0
2000,"Intentional self-harm (suicide) (*U03,X60-X84,Y87.0)",Suicide,Maryland,474,9.0
2000,"Nephritis, nephrotic syndrome and nephrosis (N00-N07,N17-N19,N25-N27)",Kidney disease,New Hampshire,106,9.0
1999,"Intentional self-harm (suicide) (*U03,X60-X84,Y87.0)",Suicide,Minnesota,437,9.0
1999,"Nephritis, nephrotic syndrome and nephrosis (N00-N07,N17-N19,N25-N27)",Kidney disease,Rhode Island,111,9.0
2017,"Nephritis, nephrotic syndrome and nephrosis (N00-N07,N17-N19,N25-N27)",Kidney disease,New York,2296,9.1
2014,Influenza and pneumonia (J09-J18),Influenza and pneumonia,Oregon,450,9.1
2009,"Intentional self-harm (suicide) (*U03,X60-X84,Y87.0)",Suicide,Illinois,1177,9.1
2008,"Nephritis, nephrotic syndrome and nephrosis (N00-N07,N17-N19,N25-N27)",Kidney disease,South Dakota,89,9.1
2007,Alzheimer's disease (G30),Alzheimer's disease,New York,1999,9.1
2005,"Intentional self-harm (suicide) (*U03,X60-X84,Y87.0)",Suicide,California,3206,9.1
2003,"Nephritis, nephrotic syndrome and nephrosis (N00-N07,N17-N19,N25-N27)",Kidney disease,Hawaii,123,9.1
2002,"Intentional self-harm (suicide) (*U03,X60-X84,Y87.0)",Suicide,Delaware,74,9.1
2001,"Nephritis, nephrotic syndrome and nephrosis (N00-N07,N17-N19,N25-N27)",Kidney disease,Oregon,331,9.1
2000,"Intentional self-harm (suicide) (*U03,X60-X84,Y87.0)",Suicide,California,2969,9.1
1999,"Intentional self-harm (suicide) (*U03,X60-X84,Y87.0)",Suicide,Rhode Island,96,9.1
1999,"Nephritis, nephrotic syndrome and nephrosis (N00-N07,N17-N19,N25-N27)",Kidney disease,Utah,135,9.1
2017,"Nephritis, nephrotic syndrome and nephrosis (N00-N07,N17-N19,N25-N27)",Kidney disease,Montana,129,9.2
2013,"Intentional self-harm (suicide) (*U03,X60-X84,Y87.0)",Suicide,Maryland,569,9.2
2011,"Intentional self-harm (suicide) (*U03,X60-X84,Y87.0)",Suicide,Maryland,558,9.2
2010,Influenza and pneumonia (J09-J18),Influenza and pneumonia,Oregon,417,9.2
2002,"Intentional self-harm (suicide) (*U03,X60-X84,Y87.0)",Suicide,Illinois,1145,9.2
2002,"Nephritis, nephrotic syndrome and nephrosis (N00-N07,N17-N19,N25-N27)",Kidney disease,Wyoming,43,9.2
2001,"Intentional self-harm (suicide) (*U03,X60-X84,Y87.0)",Suicide,Illinois,1139,9.2
2000,"Nephritis, nephrotic syndrome and nephrosis (N00-N07,N17-N19,N25-N27)",Kidney disease,Hawaii,113,9.2
1999,"Nephritis, nephrotic syndrome and nephrosis (N00-N07,N17-N19,N25-N27)",Kidney disease,Vermont,56,9.2
2016,Influenza and pneumonia (J09-J18),Influenza and pneumonia,Florida,2808,9.3
2015,"Nephritis, nephrotic syndrome and nephrosis (N00-N07,N17-N19,N25-N27)",Kidney disease,Montana,121,9.3
2015,"Nephritis, nephrotic syndrome and nephrosis (N00-N07,N17-N19,N25-N27)",Kidney disease,New York,2245,9.3
2014,Influenza and pneumonia (J09-J18),Influenza and pneumonia,Vermont,74,9.3
2014,"Nephritis, nephrotic syndrome and nephrosis (N00-N07,N17-N19,N25-N27)",Kidney disease,New York,2207,9.3
2013,Influenza and pneumonia (J09-J18),Influenza and pneumonia,Vermont,77,9.3
2011,Influenza and pneumonia (J09-J18),Influenza and pneumonia,Florida,2453,9.3
2011,"Intentional self-harm (suicide) (*U03,X60-X84,Y87.0)",Suicide,Illinois,1226,9.3
2009,"Intentional self-harm (suicide) (*U03,X60-X84,Y87.0)",Suicide,Maryland,551,9.3
2009,"Intentional self-harm (suicide) (*U03,X60-X84,Y87.0)",Suicide,Nebraska,170,9.3
2008,"Intentional self-harm (suicide) (*U03,X60-X84,Y87.0)",Suicide,Illinois,1198,9.3
2006,"Intentional self-harm (suicide) (*U03,X60-X84,Y87.0)",Suicide,California,3334,9.3
2006,"Nephritis, nephrotic syndrome and nephrosis (N00-N07,N17-N19,N25-N27)",Kidney disease,Arizona,565,9.3
2004,"Nephritis, nephrotic syndrome and nephrosis (N00-N07,N17-N19,N25-N27)",Kidney disease,Wyoming,45,9.3
2003,"Intentional self-harm (suicide) (*U03,X60-X84,Y87.0)",Suicide,Ohio,1074,9.3
2000,"Nephritis, nephrotic syndrome and nephrosis (N00-N07,N17-N19,N25-N27)",Kidney disease,New Mexico,152,9.3
2017,"Nephritis, nephrotic syndrome and nephrosis (N00-N07,N17-N19,N25-N27)",Kidney disease,New Hampshire,169,9.4
2016,"Intentional self-harm (suicide) (*U03,X60-X84,Y87.0)",Suicide,Maryland,586,9.4
2016,"Nephritis, nephrotic syndrome and nephrosis (N00-N07,N17-N19,N25-N27)",Kidney disease,New Hampshire,161,9.4
2014,Influenza and pneumonia (J09-J18),Influenza and pneumonia,Washington,729,9.4
2014,"Nephritis, nephrotic syndrome and nephrosis (N00-N07,N17-N19,N25-N27)",Kidney disease,Rhode Island,135,9.4
2013,"Nephritis, nephrotic syndrome and nephrosis (N00-N07,N17-N19,N25-N27)",Kidney disease,Wyoming,56,9.4
2010,"Intentional self-harm (suicide) (*U03,X60-X84,Y87.0)",Suicide,Connecticut,353,9.4
2008,Influenza and pneumonia (J09-J18),Influenza and pneumonia,Florida,2300,9.4
2008,"Nephritis, nephrotic syndrome and nephrosis (N00-N07,N17-N19,N25-N27)",Kidney disease,Oregon,397,9.4
2007,Influenza and pneumonia (J09-J18),Influenza and pneumonia,Florida,2246,9.4
2007,"Nephritis, nephrotic syndrome and nephrosis (N00-N07,N17-N19,N25-N27)",Kidney disease,Idaho,134,9.4
2006,Alzheimer's disease (G30),Alzheimer's disease,New York,2021,9.4
2006,"Nephritis, nephrotic syndrome and nephrosis (N00-N07,N17-N19,N25-N27)",Kidney disease,Idaho,130,9.4
2001,"Nephritis, nephrotic syndrome and nephrosis (N00-N07,N17-N19,N25-N27)",Kidney disease,Rhode Island,118,9.4
1999,Alzheimer's disease (G30),Alzheimer's disease,Hawaii,109,9.4
2017,"Intentional self-harm (suicide) (*U03,X60-X84,Y87.0)",Suicide,Massachusetts,682,9.5
2017,"Nephritis, nephrotic syndrome and nephrosis (N00-N07,N17-N19,N25-N27)",Kidney disease,Nebraska,226,9.5
2017,"Nephritis, nephrotic syndrome and nephrosis (N00-N07,N17-N19,N25-N27)",Kidney disease,Wyoming,63,9.5
2016,"Nephritis, nephrotic syndrome and nephrosis (N00-N07,N17-N19,N25-N27)",Kidney disease,Nebraska,220,9.5
2015,Influenza and pneumonia (J09-J18),Influenza and pneumonia,Arizona,775,9.5
2013,Influenza and pneumonia (J09-J18),Influenza and pneumonia,Florida,2662,9.5
2012,Influenza and pneumonia (J09-J18),Influenza and pneumonia,Arizona,683,9.5
2012,"Intentional self-harm (suicide) (*U03,X60-X84,Y87.0)",Suicide,Maryland,583,9.5
2012,"Intentional self-harm (suicide) (*U03,X60-X84,Y87.0)",Suicide,Rhode Island,105,9.5
2012,"Nephritis, nephrotic syndrome and nephrosis (N00-N07,N17-N19,N25-N27)",Kidney disease,Alaska,44,9.5
2011,"Nephritis, nephrotic syndrome and nephrosis (N00-N07,N17-N19,N25-N27)",Kidney disease,Colorado,450,9.5
2007,"Intentional self-harm (suicide) (*U03,X60-X84,Y87.0)",Suicide,Hawaii,133,9.5
2004,Alzheimer's disease (G30),Alzheimer's disease,New York,1989,9.5
2004,"Intentional self-harm (suicide) (*U03,X60-X84,Y87.0)",Suicide,Nebraska,166,9.5
2002,"Intentional self-harm (suicide) (*U03,X60-X84,Y87.0)",Suicide,Hawaii,120,9.5
2000,"Intentional self-harm (suicide) (*U03,X60-X84,Y87.0)",Suicide,Ohio,1088,9.5
1999,Alzheimer's disease (G30),Alzheimer's disease,District of Columbia,53,9.5
2017,Influenza and pneumonia (J09-J18),Influenza and pneumonia,Florida,3057,9.6
2016,Influenza and pneumonia (J09-J18),Influenza and pneumonia,Colorado,533,9.6
2014,Influenza and pneumonia (J09-J18),Influenza and pneumonia,Florida,2719,9.6
2010,"Nephritis, nephrotic syndrome and nephrosis (N00-N07,N17-N19,N25-N27)",Kidney disease,Colorado,426,9.6
2002,"Intentional self-harm (suicide) (*U03,X60-X84,Y87.0)",Suicide,California,3228,9.6
2001,"Intentional self-harm (suicide) (*U03,X60-X84,Y87.0)",Suicide,Minnesota,480,9.6
2001,"Nephritis, nephrotic syndrome and nephrosis (N00-N07,N17-N19,N25-N27)",Kidney disease,Hawaii,123,9.6
1999,"Intentional self-harm (suicide) (*U03,X60-X84,Y87.0)",Suicide,California,3077,9.6
1999,"Nephritis, nephrotic syndrome and nephrosis (N00-N07,N17-N19,N25-N27)",Kidney disease,Colorado,312,9.6
1999,"Nephritis, nephrotic syndrome and nephrosis (N00-N07,N17-N19,N25-N27)",Kidney disease,Montana,92,9.6
2017,Influenza and pneumonia (J09-J18),Influenza and pneumonia,Vermont,86,9.7
2015,"Nephritis, nephrotic syndrome and nephrosis (N00-N07,N17-N19,N25-N27)",Kidney disease,Minnesota,639,9.7
2014,"Nephritis, nephrotic syndrome and nephrosis (N00-N07,N17-N19,N25-N27)",Kidney disease,Montana,125,9.7
2013,"Nephritis, nephrotic syndrome and nephrosis (N00-N07,N17-N19,N25-N27)",Kidney disease,New York,2285,9.7
2012,"Nephritis, nephrotic syndrome and nephrosis (N00-N07,N17-N19,N25-N27)",Kidney disease,Rhode Island,135,9.7
2011,"Nephritis, nephrotic syndrome and nephrosis (N00-N07,N17-N19,N25-N27)",Kidney disease,Idaho,154,9.7
2011,"Nephritis, nephrotic syndrome and nephrosis (N00-N07,N17-N19,N25-N27)",Kidney disease,Nebraska,214,9.7
2011,"Nephritis, nephrotic syndrome and nephrosis (N00-N07,N17-N19,N25-N27)",Kidney disease,New York,2197,9.7
2010,Influenza and pneumonia (J09-J18),Influenza and pneumonia,Minnesota,595,9.7
2008,"Intentional self-harm (suicide) (*U03,X60-X84,Y87.0)",Suicide,Hawaii,133,9.7
2005,Alzheimer's disease (G30),Alzheimer's disease,New York,2065,9.7
2005,"Intentional self-harm (suicide) (*U03,X60-X84,Y87.0)",Suicide,Delaware,83,9.7
2004,"Intentional self-harm (suicide) (*U03,X60-X84,Y87.0)",Suicide,California,3368,9.7
1999,"Intentional self-harm (suicide) (*U03,X60-X84,Y87.0)",Suicide,Ohio,1102,9.7
2016,"Nephritis, nephrotic syndrome and nephrosis (N00-N07,N17-N19,N25-N27)",Kidney disease,New York,2385,9.8
2015,"Nephritis, nephrotic syndrome and nephrosis (N00-N07,N17-N19,N25-N27)",Kidney disease,Rhode Island,142,9.8
2014,Influenza and pneumonia (J09-J18),Influenza and pneumonia,Minnesota,638,9.8
2014,"Intentional self-harm (suicide) (*U03,X60-X84,Y87.0)",Suicide,Connecticut,379,9.8
2014,"Intentional self-harm (suicide) (*U03,X60-X84,Y87.0)",Suicide,Maryland,606,9.8
2012,"Intentional self-harm (suicide) (*U03,X60-X84,Y87.0)",Suicide,Illinois,1292,9.8
2012,"Nephritis, nephrotic syndrome and nephrosis (N00-N07,N17-N19,N25-N27)",Kidney disease,Nebraska,217,9.8
2012,"Nephritis, nephrotic syndrome and nephrosis (N00-N07,N17-N19,N25-N27)",Kidney disease,New York,2240,9.8
2011,"Intentional self-harm (suicide) (*U03,X60-X84,Y87.0)",Suicide,Connecticut,370,9.8
2007,"Nephritis, nephrotic syndrome and nephrosis (N00-N07,N17-N19,N25-N27)",Kidney disease,Montana,110,9.8
2003,"Intentional self-harm (suicide) (*U03,X60-X84,Y87.0)",Suicide,Minnesota,497,9.8
2002,"Intentional self-harm (suicide) (*U03,X60-X84,Y87.0)",Suicide,Minnesota,497,9.8
2001,Alzheimer's disease (G30),Alzheimer's disease,Hawaii,122,9.8
2000,"Intentional self-harm (suicide) (*U03,X60-X84,Y87.0)",Suicide,Iowa,289,9.8
2017,Influenza and pneumonia (J09-J18),Influenza and pneumonia,Minnesota,697,9.9
2017,"Intentional self-harm (suicide) (*U03,X60-X84,Y87.0)",Suicide,Maryland,630,9.9
2017,"Nephritis, nephrotic syndrome and nephrosis (N00-N07,N17-N19,N25-N27)",Kidney disease,Alaska,54,9.9
2016,"Nephritis, nephrotic syndrome and nephrosis (N00-N07,N17-N19,N25-N27)",Kidney disease,Rhode Island,141,9.9
2015,"Intentional self-harm (suicide) (*U03,X60-X84,Y87.0)",Suicide,Connecticut,384,9.9
2015,"Nephritis, nephrotic syndrome and nephrosis (N00-N07,N17-N19,N25-N27)",Kidney disease,District of Columbia,65,9.9
2013,"Intentional self-harm (suicide) (*U03,X60-X84,Y87.0)",Suicide,Illinois,1321,9.9
2012,Influenza and pneumonia (J09-J18),Influenza and pneumonia,Vermont,81,9.9
2012,Influenza and pneumonia (J09-J18),Influenza and pneumonia,Washington,728,9.9
2012,"Intentional self-harm (suicide) (*U03,X60-X84,Y87.0)",Suicide,Connecticut,368,9.9
2009,Influenza and pneumonia (J09-J18),Influenza and pneumonia,Florida,2410,9.9
2008,"Intentional self-harm (suicide) (*U03,X60-X84,Y87.0)",Suicide,Rhode Island,110,9.9
2007,Influenza and pneumonia (J09-J18),Influenza and pneumonia,Vermont,70,9.9
2007,"Intentional self-harm (suicide) (*U03,X60-X84,Y87.0)",Suicide,California,3602,9.9
2004,"Intentional self-harm (suicide) (*U03,X60-X84,Y87.0)",Suicide,New Hampshire,133,9.9
2004,"Nephritis, nephrotic syndrome and nephrosis (N00-N07,N17-N19,N25-N27)",Kidney disease,Rhode Island,131,9.9
2004,"Nephritis, nephrotic syndrome and nephrosis (N00-N07,N17-N19,N25-N27)",Kidney disease,South Dakota,92,9.9
2003,"Intentional self-harm (suicide) (*U03,X60-X84,Y87.0)",Suicide,California,3397,9.9
2003,"Nephritis, nephrotic syndrome and nephrosis (N00-N07,N17-N19,N25-N27)",Kidney disease,Montana,101,9.9
2000,"Intentional self-harm (suicide) (*U03,X60-X84,Y87.0)",Suicide,Michigan,974,9.9
2000,"Nephritis, nephrotic syndrome and nephrosis (N00-N07,N17-N19,N25-N27)",Kidney disease,Rhode Island,123,9.9
2000,"Nephritis, nephrotic syndrome and nephrosis (N00-N07,N17-N19,N25-N27)",Kidney disease,Wyoming,45,9.9
1999,"Intentional self-harm (suicide) (*U03,X60-X84,Y87.0)",Suicide,Michigan,974,9.9
2017,"Nephritis, nephrotic syndrome and nephrosis (N00-N07,N17-N19,N25-N27)",Kidney disease,District of Columbia,67,10.0
2016,Influenza and pneumonia (J09-J18),Influenza and pneumonia,Washington,815,10.0
2016,"Nephritis, nephrotic syndrome and nephrosis (N00-N07,N17-N19,N25-N27)",Kidney disease,Alaska,53,10.0
2016,"Nephritis, nephrotic syndrome and nephrosis (N00-N07,N17-N19,N25-N27)",Kidney disease,Wyoming,66,10.0
2015,Influenza and pneumonia (J09-J18),Influenza and pneumonia,Vermont,85,10.0
2015,"Nephritis, nephrotic syndrome and nephrosis (N00-N07,N17-N19,N25-N27)",Kidney disease,Alaska,50,10.0
2014,Influenza and pneumonia (J09-J18),Influenza and pneumonia,Arizona,779,10.0
2013,"Nephritis, nephrotic syndrome and nephrosis (N00-N07,N17-N19,N25-N27)",Kidney disease,Nebraska,222,10.0
2012,Influenza and pneumonia (J09-J18),Influenza and pneumonia,Alaska,52,10.0
2012,"Intentional self-harm (suicide) (*U03,X60-X84,Y87.0)",Suicide,California,3893,10.0
2011,Influenza and pneumonia (J09-J18),Influenza and pneumonia,Arizona,690,10.0
2011,"Nephritis, nephrotic syndrome and nephrosis (N00-N07,N17-N19,N25-N27)",Kidney disease,District of Columbia,60,10.0
2009,"Intentional self-harm (suicide) (*U03,X60-X84,Y87.0)",Suicide,Ohio,1176,10.0
2004,"Nephritis, nephrotic syndrome and nephrosis (N00-N07,N17-N19,N25-N27)",Kidney disease,Florida,2252,10.0
2003,"Intentional self-harm (suicide) (*U03,X60-X84,Y87.0)",Suicide,Maine,137,10.0
2000,Alzheimer's disease (G30),Alzheimer's disease,Hawaii,118,10.0
2000,"Nephritis, nephrotic syndrome and nephrosis (N00-N07,N17-N19,N25-N27)",Kidney disease,Vermont,62,10.0
2017,Influenza and pneumonia (J09-J18),Influenza and pneumonia,Arizona,876,10.1
2017,Influenza and pneumonia (J09-J18),Influenza and pneumonia,Colorado,577,10.1
2017,"Nephritis, nephrotic syndrome and nephrosis (N00-N07,N17-N19,N25-N27)",Kidney disease,Florida,3172,10.1
2016,"Intentional self-harm (suicide) (*U03,X60-X84,Y87.0)",Suicide,Connecticut,397,10.1
2014,"Intentional self-harm (suicide) (*U03,X60-X84,Y87.0)",Suicide,Rhode Island,113,10.1
2014,"Nephritis, nephrotic syndrome and nephrosis (N00-N07,N17-N19,N25-N27)",Kidney disease,Alaska,45,10.1
2013,Influenza and pneumonia (J09-J18),Influenza and pneumonia,Washington,768,10.1
2013,"Nephritis, nephrotic syndrome and nephrosis (N00-N07,N17-N19,N25-N27)",Kidney disease,Alaska,49,10.1
2011,Influenza and pneumonia (J09-J18),Influenza and pneumonia,Washington,734,10.1
2009,"Nephritis, nephrotic syndrome and nephrosis (N00-N07,N17-N19,N25-N27)",Kidney disease,South Dakota,102,10.1
2007,"Intentional self-harm (suicide) (*U03,X60-X84,Y87.0)",Suicide,Nebraska,181,10.1
2001,"Nephritis, nephrotic syndrome and nephrosis (N00-N07,N17-N19,N25-N27)",Kidney disease,Florida,2172,10.1
1999,"Nephritis, nephrotic syndrome and nephrosis (N00-N07,N17-N19,N25-N27)",Kidney disease,New Mexico,162,10.1
2017,"Nephritis, nephrotic syndrome and nephrosis (N00-N07,N17-N19,N25-N27)",Kidney disease,Oklahoma,461,10.2
2016,"Nephritis, nephrotic syndrome and nephrosis (N00-N07,N17-N19,N25-N27)",Kidney disease,Florida,3144,10.2
2014,"Nephritis, nephrotic syndrome and nephrosis (N00-N07,N17-N19,N25-N27)",Kidney disease,New Hampshire,167,10.2
2013,"Intentional self-harm (suicide) (*U03,X60-X84,Y87.0)",Suicide,California,4025,10.2
2013,"Nephritis, nephrotic syndrome and nephrosis (N00-N07,N17-N19,N25-N27)",Kidney disease,Minnesota,653,10.2
2012,"Nephritis, nephrotic syndrome and nephrosis (N00-N07,N17-N19,N25-N27)",Kidney disease,New Hampshire,161,10.2
2009,"Intentional self-harm (suicide) (*U03,X60-X84,Y87.0)",Suicide,California,3823,10.2
2008,Influenza and pneumonia (J09-J18),Influenza and pneumonia,Vermont,74,10.2
2007,"Nephritis, nephrotic syndrome and nephrosis (N00-N07,N17-N19,N25-N27)",Kidney disease,Oregon,426,10.2
2004,"Intentional self-harm (suicide) (*U03,X60-X84,Y87.0)",Suicide,Minnesota,524,10.2
2003,"Intentional self-harm (suicide) (*U03,X60-X84,Y87.0)",Suicide,Hawaii,131,10.2
2003,"Intentional self-harm (suicide) (*U03,X60-X84,Y87.0)",Suicide,Michigan,1029,10.2
2003,"Intentional self-harm (suicide) (*U03,X60-X84,Y87.0)",Suicide,Nebraska,176,10.2
2003,"Nephritis, nephrotic syndrome and nephrosis (N00-N07,N17-N19,N25-N27)",Kidney disease,Florida,2265,10.2
2002,"Nephritis, nephrotic syndrome and nephrosis (N00-N07,N17-N19,N25-N27)",Kidney disease,Florida,2201,10.2
2001,"Intentional self-harm (suicide) (*U03,X60-X84,Y87.0)",Suicide,Iowa,304,10.2
2001,"Intentional self-harm (suicide) (*U03,X60-X84,Y87.0)",Suicide,Pennsylvania,1276,10.2
2000,"Intentional self-harm (suicide) (*U03,X60-X84,Y87.0)",Suicide,Texas,2053,10.2
2000,"Nephritis, nephrotic syndrome and nephrosis (N00-N07,N17-N19,N25-N27)",Kidney disease,Tennessee,565,10.2
1999,"Intentional self-harm (suicide) (*U03,X60-X84,Y87.0)",Suicide,Texas,2005,10.2
2016,"Nephritis, nephrotic syndrome and nephrosis (N00-N07,N17-N19,N25-N27)",Kidney disease,Idaho,190,10.3
2015,"Intentional self-harm (suicide) (*U03,X60-X84,Y87.0)",Suicide,California,4167,10.3
2015,"Intentional self-harm (suicide) (*U03,X60-X84,Y87.0)",Suicide,Illinois,1363,10.3
2013,"Nephritis, nephrotic syndrome and nephrosis (N00-N07,N17-N19,N25-N27)",Kidney disease,Montana,130,10.3
2010,"Intentional self-harm (suicide) (*U03,X60-X84,Y87.0)",Suicide,California,3913,10.3
2009,Influenza and pneumonia (J09-J18),Influenza and pneumonia,Minnesota,618,10.3
2009,"Nephritis, nephrotic syndrome and nephrosis (N00-N07,N17-N19,N25-N27)",Kidney disease,Colorado,447,10.3
2008,Alzheimer's disease (G30),Alzheimer's disease,New York,2303,10.3
2008,"Intentional self-harm (suicide) (*U03,X60-X84,Y87.0)",Suicide,California,3775,10.3
2006,"Intentional self-harm (suicide) (*U03,X60-X84,Y87.0)",Suicide,Delaware,91,10.3
2006,"Intentional self-harm (suicide) (*U03,X60-X84,Y87.0)",Suicide,Georgia,923,10.3
2006,"Intentional self-harm (suicide) (*U03,X60-X84,Y87.0)",Suicide,Texas,2347,10.3
2005,"Nephritis, nephrotic syndrome and nephrosis (N00-N07,N17-N19,N25-N27)",Kidney disease,Montana,109,10.3
2005,"Nephritis, nephrotic syndrome and nephrosis (N00-N07,N17-N19,N25-N27)",Kidney disease,Utah,177,10.3
2004,"Nephritis, nephrotic syndrome and nephrosis (N00-N07,N17-N19,N25-N27)",Kidney disease,Montana,108,10.3
2003,"Intentional self-harm (suicide) (*U03,X60-X84,Y87.0)",Suicide,Louisiana,461,10.3
2002,"Intentional self-harm (suicide) (*U03,X60-X84,Y87.0)",Suicide,New Hampshire,132,10.3
2002,"Nephritis, nephrotic syndrome and nephrosis (N00-N07,N17-N19,N25-N27)",Kidney disease,Hawaii,136,10.3
2001,"Nephritis, nephrotic syndrome and nephrosis (N00-N07,N17-N19,N25-N27)",Kidney disease,New Mexico,172,10.3
2000,"Intentional self-harm (suicide) (*U03,X60-X84,Y87.0)",Suicide,New Hampshire,131,10.3
1999,"Intentional self-harm (suicide) (*U03,X60-X84,Y87.0)",Suicide,Iowa,305,10.3
1999,"Intentional self-harm (suicide) (*U03,X60-X84,Y87.0)",Suicide,Pennsylvania,1284,10.3
1999,"Intentional self-harm (suicide) (*U03,X60-X84,Y87.0)",Suicide,Vermont,63,10.3
1999,"Nephritis, nephrotic syndrome and nephrosis (N00-N07,N17-N19,N25-N27)",Kidney disease,Texas,1669,10.3
2016,Influenza and pneumonia (J09-J18),Influenza and pneumonia,Arizona,885,10.4
2014,"Nephritis, nephrotic syndrome and nephrosis (N00-N07,N17-N19,N25-N27)",Kidney disease,Minnesota,676,10.4
2013,Alzheimer's disease (G30),Alzheimer's disease,New York,2556,10.4
2013,Influenza and pneumonia (J09-J18),Influenza and pneumonia,Arizona,776,10.4
2013,Influenza and pneumonia (J09-J18),Influenza and pneumonia,Oregon,496,10.4
2013,"Nephritis, nephrotic syndrome and nephrosis (N00-N07,N17-N19,N25-N27)",Kidney disease,Rhode Island,149,10.4
2011,Alzheimer's disease (G30),Alzheimer's disease,Hawaii,197,10.4
2011,"Intentional self-harm (suicide) (*U03,X60-X84,Y87.0)",Suicide,California,3996,10.4
2010,"Intentional self-harm (suicide) (*U03,X60-X84,Y87.0)",Suicide,Nebraska,193,10.4
2009,"Nephritis, nephrotic syndrome and nephrosis (N00-N07,N17-N19,N25-N27)",Kidney disease,District of Columbia,57,10.4
2008,"Intentional self-harm (suicide) (*U03,X60-X84,Y87.0)",Suicide,Georgia,981,10.4
2007,Influenza and pneumonia (J09-J18),Influenza and pneumonia,Minnesota,603,10.4
2003,"Nephritis, nephrotic syndrome and nephrosis (N00-N07,N17-N19,N25-N27)",Kidney disease,Arizona,563,10.4
2002,"Nephritis, nephrotic syndrome and nephrosis (N00-N07,N17-N19,N25-N27)",Kidney disease,Tennessee,586,10.4
2000,"Intentional self-harm (suicide) (*U03,X60-X84,Y87.0)",Suicide,Delaware,82,10.4
2000,"Intentional self-harm (suicide) (*U03,X60-X84,Y87.0)",Suicide,North Dakota,68,10.4
2000,"Intentional self-harm (suicide) (*U03,X60-X84,Y87.0)",Suicide,United States,29350,10.4
1999,"Intentional self-harm (suicide) (*U03,X60-X84,Y87.0)",Suicide,Indiana,628,10.4
2017,"Intentional self-harm (suicide) (*U03,X60-X84,Y87.0)",Suicide,California,4312,10.5
2017,"Intentional self-harm (suicide) (*U03,X60-X84,Y87.0)",Suicide,Connecticut,405,10.5
2016,"Intentional self-harm (suicide) (*U03,X60-X84,Y87.0)",Suicide,California,4294,10.5
2015,"Nephritis, nephrotic syndrome and nephrosis (N00-N07,N17-N19,N25-N27)",Kidney disease,Nevada,316,10.5
2014,"Intentional self-harm (suicide) (*U03,X60-X84,Y87.0)",Suicide,California,4214,10.5
2014,"Intentional self-harm (suicide) (*U03,X60-X84,Y87.0)",Suicide,Illinois,1398,10.5
2011,"Intentional self-harm (suicide) (*U03,X60-X84,Y87.0)",Suicide,Nebraska,193,10.5
2010,Alzheimer's disease (G30),Alzheimer's disease,Hawaii,189,10.5
2009,Alzheimer's disease (G30),Alzheimer's disease,New York,2396,10.5
2007,"Intentional self-harm (suicide) (*U03,X60-X84,Y87.0)",Suicide,Texas,2433,10.5
2006,Influenza and pneumonia (J09-J18),Influenza and pneumonia,Florida,2454,10.5
2005,"Intentional self-harm (suicide) (*U03,X60-X84,Y87.0)",Suicide,Minnesota,547,10.5
2005,"Nephritis, nephrotic syndrome and nephrosis (N00-N07,N17-N19,N25-N27)",Kidney disease,Alaska,38,10.5
2005,"Nephritis, nephrotic syndrome and nephrosis (N00-N07,N17-N19,N25-N27)",Kidney disease,Arizona,608,10.5
2005,"Nephritis, nephrotic syndrome and nephrosis (N00-N07,N17-N19,N25-N27)",Kidney disease,Florida,2416,10.5
2005,"Nephritis, nephrotic syndrome and nephrosis (N00-N07,N17-N19,N25-N27)",Kidney disease,Hawaii,150,10.5
2002,"Nephritis, nephrotic syndrome and nephrosis (N00-N07,N17-N19,N25-N27)",Kidney disease,Montana,105,10.5
2001,"Intentional self-harm (suicide) (*U03,X60-X84,Y87.0)",Suicide,Michigan,1051,10.5
2000,"Intentional self-harm (suicide) (*U03,X60-X84,Y87.0)",Suicide,Mississippi,294,10.5
1999,"Intentional self-harm (suicide) (*U03,X60-X84,Y87.0)",Suicide,Nebraska,177,10.5
1999,"Intentional self-harm (suicide) (*U03,X60-X84,Y87.0)",Suicide,South Carolina,418,10.5
1999,"Intentional self-harm (suicide) (*U03,X60-X84,Y87.0)",Suicide,United States,29199,10.5
1999,"Nephritis, nephrotic syndrome and nephrosis (N00-N07,N17-N19,N25-N27)",Kidney disease,North Dakota,85,10.5
2014,"Nephritis, nephrotic syndrome and nephrosis (N00-N07,N17-N19,N25-N27)",Kidney disease,Florida,3076,10.6
2012,Influenza and pneumonia (J09-J18),Influenza and pneumonia,Minnesota,674,10.6
2012,Influenza and pneumonia (J09-J18),Influenza and pneumonia,New Jersey,1131,10.6
2012,"Nephritis, nephrotic syndrome and nephrosis (N00-N07,N17-N19,N25-N27)",Kidney disease,Florida,2912,10.6
2009,Influenza and pneumonia (J09-J18),Influenza and pneumonia,Washington,728,10.6
2008,"Intentional self-harm (suicide) (*U03,X60-X84,Y87.0)",Suicide,Nebraska,191,10.6
2007,"Intentional self-harm (suicide) (*U03,X60-X84,Y87.0)",Suicide,Delaware,95,10.6
2006,"Intentional self-harm (suicide) (*U03,X60-X84,Y87.0)",Suicide,Minnesota,554,10.6
2005,"Intentional self-harm (suicide) (*U03,X60-X84,Y87.0)",Suicide,Georgia,924,10.6
2003,"Intentional self-harm (suicide) (*U03,X60-X84,Y87.0)",Suicide,Pennsylvania,1340,10.6
2001,"Intentional self-harm (suicide) (*U03,X60-X84,Y87.0)",Suicide,Ohio,1219,10.6
2017,"Nephritis, nephrotic syndrome and nephrosis (N00-N07,N17-N19,N25-N27)",Kidney disease,Hawaii,208,10.7
2016,Influenza and pneumonia (J09-J18),Influenza and pneumonia,Delaware,132,10.7
2016,Influenza and pneumonia (J09-J18),Influenza and pneumonia,New Jersey,1208,10.7
2016,"Intentional self-harm (suicide) (*U03,X60-X84,Y87.0)",Suicide,Illinois,1415,10.7
2015,Influenza and pneumonia (J09-J18),Influenza and pneumonia,Washington,851,10.7
2014,Alzheimer's disease (G30),Alzheimer's disease,New York,2639,10.7
2011,Influenza and pneumonia (J09-J18),Influenza and pneumonia,Minnesota,680,10.7
2009,"Nephritis, nephrotic syndrome and nephrosis (N00-N07,N17-N19,N25-N27)",Kidney disease,Utah,212,10.7
2007,"Intentional self-harm (suicide) (*U03,X60-X84,Y87.0)",Suicide,Iowa,322,10.7
2004,"Intentional self-harm (suicide) (*U03,X60-X84,Y87.0)",Suicide,Texas,2300,10.7
2002,"Intentional self-harm (suicide) (*U03,X60-X84,Y87.0)",Suicide,Iowa,314,10.7
2002,"Intentional self-harm (suicide) (*U03,X60-X84,Y87.0)",Suicide,Pennsylvania,1341,10.7
2001,"Intentional self-harm (suicide) (*U03,X60-X84,Y87.0)",Suicide,United States,30622,10.7
2000,"Intentional self-harm (suicide) (*U03,X60-X84,Y87.0)",Suicide,Georgia,847,10.7
2000,"Intentional self-harm (suicide) (*U03,X60-X84,Y87.0)",Suicide,Louisiana,468,10.7
2015,"Nephritis, nephrotic syndrome and nephrosis (N00-N07,N17-N19,N25-N27)",Kidney disease,Florida,3203,10.8
2015,"Nephritis, nephrotic syndrome and nephrosis (N00-N07,N17-N19,N25-N27)",Kidney disease,Hawaii,202,10.8
2012,"Nephritis, nephrotic syndrome and nephrosis (N00-N07,N17-N19,N25-N27)",Kidney disease,Minnesota,669,10.8
2011,Alzheimer's disease (G30),Alzheimer's disease,New York,2563,10.8
2009,"Intentional self-harm (suicide) (*U03,X60-X84,Y87.0)",Suicide,Minnesota,584,10.8
2009,"Intentional self-harm (suicide) (*U03,X60-X84,Y87.0)",Suicide,Rhode Island,118,10.8
2008,"Intentional self-harm (suicide) (*U03,X60-X84,Y87.0)",Suicide,Texas,2552,10.8
2008,"Nephritis, nephrotic syndrome and nephrosis (N00-N07,N17-N19,N25-N27)",Kidney disease,Wyoming,56,10.8
2007,"Intentional self-harm (suicide) (*U03,X60-X84,Y87.0)",Suicide,Minnesota,572,10.8
2007,"Nephritis, nephrotic syndrome and nephrosis (N00-N07,N17-N19,N25-N27)",Kidney disease,New Hampshire,149,10.8
2006,"Intentional self-harm (suicide) (*U03,X60-X84,Y87.0)",Suicide,Pennsylvania,1396,10.8
2003,"Intentional self-harm (suicide) (*U03,X60-X84,Y87.0)",Suicide,United States,31484,10.8
2002,"Intentional self-harm (suicide) (*U03,X60-X84,Y87.0)",Suicide,South Carolina,440,10.8
2000,"Intentional self-harm (suicide) (*U03,X60-X84,Y87.0)",Suicide,Pennsylvania,1356,10.8
2000,"Intentional self-harm (suicide) (*U03,X60-X84,Y87.0)",Suicide,Virginia,768,10.8
2000,"Nephritis, nephrotic syndrome and nephrosis (N00-N07,N17-N19,N25-N27)",Kidney disease,Colorado,357,10.8
1999,"Nephritis, nephrotic syndrome and nephrosis (N00-N07,N17-N19,N25-N27)",Kidney disease,South Dakota,97,10.8
2015,Influenza and pneumonia (J09-J18),Influenza and pneumonia,Minnesota,738,10.9
2012,Alzheimer's disease (G30),Alzheimer's disease,New York,2640,10.9
2009,"Intentional self-harm (suicide) (*U03,X60-X84,Y87.0)",Suicide,Louisiana,490,10.9
2007,"Intentional self-harm (suicide) (*U03,X60-X84,Y87.0)",Suicide,Georgia,997,10.9
2006,Influenza and pneumonia (J09-J18),Influenza and pneumonia,Vermont,77,10.9
2005,"Intentional self-harm (suicide) (*U03,X60-X84,Y87.0)",Suicide,Nebraska,187,10.9
2005,"Intentional self-harm (suicide) (*U03,X60-X84,Y87.0)",Suicide,Texas,2418,10.9
2005,"Intentional self-harm (suicide) (*U03,X60-X84,Y87.0)",Suicide,United States,32637,10.9
2004,"Intentional self-harm (suicide) (*U03,X60-X84,Y87.0)",Suicide,Michigan,1098,10.9
2004,"Intentional self-harm (suicide) (*U03,X60-X84,Y87.0)",Suicide,Virginia,828,10.9
2003,"Intentional self-harm (suicide) (*U03,X60-X84,Y87.0)",Suicide,Virginia,808,10.9
2002,Alzheimer's disease (G30),Alzheimer's disease,Hawaii,141,10.9
2002,"Intentional self-harm (suicide) (*U03,X60-X84,Y87.0)",Suicide,Virginia,799,10.9
2001,"Intentional self-harm (suicide) (*U03,X60-X84,Y87.0)",Suicide,Hawaii,136,10.9
2001,"Intentional self-harm (suicide) (*U03,X60-X84,Y87.0)",Suicide,Kansas,293,10.9
2001,"Intentional self-harm (suicide) (*U03,X60-X84,Y87.0)",Suicide,Nebraska,187,10.9
2001,"Intentional self-harm (suicide) (*U03,X60-X84,Y87.0)",Suicide,Texas,2225,10.9
2000,"Intentional self-harm (suicide) (*U03,X60-X84,Y87.0)",Suicide,Wisconsin,590,10.9
2016,Influenza and pneumonia (J09-J18),Influenza and pneumonia,Rhode Island,165,11.0
2014,"Nephritis, nephrotic syndrome and nephrosis (N00-N07,N17-N19,N25-N27)",Kidney disease,North Dakota,104,11.0
2013,"Nephritis, nephrotic syndrome and nephrosis (N00-N07,N17-N19,N25-N27)",Kidney disease,New Hampshire,175,11.0
2012,Influenza and pneumonia (J09-J18),Influenza and pneumonia,Colorado,525,11.0
2011,"Intentional self-harm (suicide) (*U03,X60-X84,Y87.0)",Suicide,Delaware,105,11.0
2011,"Nephritis, nephrotic syndrome and nephrosis (N00-N07,N17-N19,N25-N27)",Kidney disease,Utah,228,11.0
2010,Influenza and pneumonia (J09-J18),Influenza and pneumonia,New Jersey,1128,11.0
2010,"Nephritis, nephrotic syndrome and nephrosis (N00-N07,N17-N19,N25-N27)",Kidney disease,New York,2439,11.0
2008,"Nephritis, nephrotic syndrome and nephrosis (N00-N07,N17-N19,N25-N27)",Kidney disease,Utah,212,11.0
2007,"Nephritis, nephrotic syndrome and nephrosis (N00-N07,N17-N19,N25-N27)",Kidney disease,Colorado,444,11.0
2006,Influenza and pneumonia (J09-J18),Influenza and pneumonia,Minnesota,630,11.0
2006,"Intentional self-harm (suicide) (*U03,X60-X84,Y87.0)",Suicide,Maine,158,11.0
2006,"Intentional self-harm (suicide) (*U03,X60-X84,Y87.0)",Suicide,United States,33300,11.0
2005,"Intentional self-harm (suicide) (*U03,X60-X84,Y87.0)",Suicide,Louisiana,505,11.0
2005,"Intentional self-harm (suicide) (*U03,X60-X84,Y87.0)",Suicide,Michigan,1108,11.0
2004,"Intentional self-harm (suicide) (*U03,X60-X84,Y87.0)",Suicide,Delaware,93,11.0
2004,"Intentional self-harm (suicide) (*U03,X60-X84,Y87.0)",Suicide,United States,32439,11.0
2002,"Intentional self-harm (suicide) (*U03,X60-X84,Y87.0)",Suicide,United States,31655,11.0
2001,"Intentional self-harm (suicide) (*U03,X60-X84,Y87.0)",Suicide,Virginia,797,11.0
1999,"Intentional self-harm (suicide) (*U03,X60-X84,Y87.0)",Suicide,Delaware,86,11.0
1999,"Intentional self-harm (suicide) (*U03,X60-X84,Y87.0)",Suicide,Mississippi,304,11.0
1999,"Intentional self-harm (suicide) (*U03,X60-X84,Y87.0)",Suicide,North Carolina,884,11.0
2017,Influenza and pneumonia (J09-J18),Influenza and pneumonia,Oregon,573,11.1
2016,Influenza and pneumonia (J09-J18),Influenza and pneumonia,Montana,147,11.1
2016,Influenza and pneumonia (J09-J18),Influenza and pneumonia,Texas,2860,11.1
2013,"Nephritis, nephrotic syndrome and nephrosis (N00-N07,N17-N19,N25-N27)",Kidney disease,Florida,3130,11.1
2009,"Nephritis, nephrotic syndrome and nephrosis (N00-N07,N17-N19,N25-N27)",Kidney disease,New York,2426,11.1
2008,"Nephritis, nephrotic syndrome and nephrosis (N00-N07,N17-N19,N25-N27)",Kidney disease,New York,2394,11.1
2007,"Intentional self-harm (suicide) (*U03,X60-X84,Y87.0)",Suicide,Michigan,1131,11.1
2007,"Intentional self-harm (suicide) (*U03,X60-X84,Y87.0)",Suicide,Ohio,1295,11.1
2007,"Intentional self-harm (suicide) (*U03,X60-X84,Y87.0)",Suicide,Pennsylvania,1441,11.1
2007,"Intentional self-harm (suicide) (*U03,X60-X84,Y87.0)",Suicide,Virginia,880,11.1
2007,"Nephritis, nephrotic syndrome and nephrosis (N00-N07,N17-N19,N25-N27)",Kidney disease,Alaska,40,11.1
2006,"Intentional self-harm (suicide) (*U03,X60-X84,Y87.0)",Suicide,Virginia,876,11.1
2005,"Intentional self-harm (suicide) (*U03,X60-X84,Y87.0)",Suicide,Pennsylvania,1430,11.1
2004,"Intentional self-harm (suicide) (*U03,X60-X84,Y87.0)",Suicide,North Dakota,73,11.1
2004,"Intentional self-harm (suicide) (*U03,X60-X84,Y87.0)",Suicide,Pennsylvania,1410,11.1
2004,"Nephritis, nephrotic syndrome and nephrosis (N00-N07,N17-N19,N25-N27)",Kidney disease,Colorado,406,11.1
2003,"Intentional self-harm (suicide) (*U03,X60-X84,Y87.0)",Suicide,Texas,2363,11.1
2002,"Intentional self-harm (suicide) (*U03,X60-X84,Y87.0)",Suicide,Georgia,909,11.1
2002,"Intentional self-harm (suicide) (*U03,X60-X84,Y87.0)",Suicide,Michigan,1106,11.1
2002,"Intentional self-harm (suicide) (*U03,X60-X84,Y87.0)",Suicide,Texas,2311,11.1
2000,"Intentional self-harm (suicide) (*U03,X60-X84,Y87.0)",Suicide,South Carolina,443,11.1
1999,"Intentional self-harm (suicide) (*U03,X60-X84,Y87.0)",Suicide,Hawaii,136,11.1
1999,"Intentional self-harm (suicide) (*U03,X60-X84,Y87.0)",Suicide,North Dakota,73,11.1
1999,"Intentional self-harm (suicide) (*U03,X60-X84,Y87.0)",Suicide,Wisconsin,593,11.1
1999,"Nephritis, nephrotic syndrome and nephrosis (N00-N07,N17-N19,N25-N27)",Kidney disease,Arizona,544,11.1
1999,"Nephritis, nephrotic syndrome and nephrosis (N00-N07,N17-N19,N25-N27)",Kidney disease,Hawaii,133,11.1
2017,Influenza and pneumonia (J09-J18),Influenza and pneumonia,Texas,2954,11.2
2017,"Intentional self-harm (suicide) (*U03,X60-X84,Y87.0)",Suicide,Illinois,1474,11.2
2017,"Nephritis, nephrotic syndrome and nephrosis (N00-N07,N17-N19,N25-N27)",Kidney disease,Connecticut,554,11.2
2016,"Intentional self-harm (suicide) (*U03,X60-X84,Y87.0)",Suicide,Rhode Island,126,11.2
2016,"Nephritis, nephrotic syndrome and nephrosis (N00-N07,N17-N19,N25-N27)",Kidney disease,Hawaii,215,11.2
2015,"Intentional self-harm (suicide) (*U03,X60-X84,Y87.0)",Suicide,Rhode Island,127,11.2
2015,"Nephritis, nephrotic syndrome and nephrosis (N00-N07,N17-N19,N25-N27)",Kidney disease,Nebraska,264,11.2
2012,Influenza and pneumonia (J09-J18),Influenza and pneumonia,Rhode Island,161,11.2
2012,"Nephritis, nephrotic syndrome and nephrosis (N00-N07,N17-N19,N25-N27)",Kidney disease,Hawaii,199,11.2
2010,"Intentional self-harm (suicide) (*U03,X60-X84,Y87.0)",Suicide,Minnesota,606,11.2
2008,"Intentional self-harm (suicide) (*U03,X60-X84,Y87.0)",Suicide,Minnesota,596,11.2
2007,Influenza and pneumonia (J09-J18),Influenza and pneumonia,Oregon,477,11.2
2007,"Intentional self-harm (suicide) (*U03,X60-X84,Y87.0)",Suicide,New Hampshire,158,11.2
2007,"Nephritis, nephrotic syndrome and nephrosis (N00-N07,N17-N19,N25-N27)",Kidney disease,New York,2387,11.2
2006,"Intentional self-harm (suicide) (*U03,X60-X84,Y87.0)",Suicide,Iowa,334,11.2
2006,"Intentional self-harm (suicide) (*U03,X60-X84,Y87.0)",Suicide,Michigan,1139,11.2
2006,"Intentional self-harm (suicide) (*U03,X60-X84,Y87.0)",Suicide,Nebraska,202,11.2
2006,"Intentional self-harm (suicide) (*U03,X60-X84,Y87.0)",Suicide,New Hampshire,151,11.2
2006,"Nephritis, nephrotic syndrome and nephrosis (N00-N07,N17-N19,N25-N27)",Kidney disease,Florida,2620,11.2
2006,"Nephritis, nephrotic syndrome and nephrosis (N00-N07,N17-N19,N25-N27)",Kidney disease,New York,2351,11.2
2005,"Intentional self-harm (suicide) (*U03,X60-X84,Y87.0)",Suicide,Iowa,333,11.2
2005,"Intentional self-harm (suicide) (*U03,X60-X84,Y87.0)",Suicide,Virginia,866,11.2
2004,"Nephritis, nephrotic syndrome and nephrosis (N00-N07,N17-N19,N25-N27)",Kidney disease,Arizona,634,11.2
2003,"Intentional self-harm (suicide) (*U03,X60-X84,Y87.0)",Suicide,North Carolina,955,11.2
2002,"Intentional self-harm (suicide) (*U03,X60-X84,Y87.0)",Suicide,Louisiana,499,11.2
2002,"Intentional self-harm (suicide) (*U03,X60-X84,Y87.0)",Suicide,Ohio,1287,11.2
2002,"Nephritis, nephrotic syndrome and nephrosis (N00-N07,N17-N19,N25-N27)",Kidney disease,Rhode Island,142,11.2
2001,"Intentional self-harm (suicide) (*U03,X60-X84,Y87.0)",Suicide,Louisiana,493,11.2
2001,"Nephritis, nephrotic syndrome and nephrosis (N00-N07,N17-N19,N25-N27)",Kidney disease,South Dakota,103,11.2
2001,"Nephritis, nephrotic syndrome and nephrosis (N00-N07,N17-N19,N25-N27)",Kidney disease,Tennessee,624,11.2
2000,"Intentional self-harm (suicide) (*U03,X60-X84,Y87.0)",Suicide,Hawaii,137,11.2
1999,"Intentional self-harm (suicide) (*U03,X60-X84,Y87.0)",Suicide,Georgia,873,11.2
1999,"Intentional self-harm (suicide) (*U03,X60-X84,Y87.0)",Suicide,Kansas,299,11.2
1999,"Intentional self-harm (suicide) (*U03,X60-X84,Y87.0)",Suicide,New Hampshire,137,11.2
1999,"Intentional self-harm (suicide) (*U03,X60-X84,Y87.0)",Suicide,Virginia,791,11.2
2016,Influenza and pneumonia (J09-J18),Influenza and pneumonia,Idaho,207,11.3
2016,"Nephritis, nephrotic syndrome and nephrosis (N00-N07,N17-N19,N25-N27)",Kidney disease,Montana,155,11.3
2016,"Nephritis, nephrotic syndrome and nephrosis (N00-N07,N17-N19,N25-N27)",Kidney disease,North Dakota,106,11.3
2014,Influenza and pneumonia (J09-J18),Influenza and pneumonia,Idaho,200,11.3
2014,Influenza and pneumonia (J09-J18),Influenza and pneumonia,New Jersey,1234,11.3
2014,"Nephritis, nephrotic syndrome and nephrosis (N00-N07,N17-N19,N25-N27)",Kidney disease,New Mexico,267,11.3
2013,"Nephritis, nephrotic syndrome and nephrosis (N00-N07,N17-N19,N25-N27)",Kidney disease,Hawaii,209,11.3
2012,Influenza and pneumonia (J09-J18),Influenza and pneumonia,Delaware,121,11.3
2012,Influenza and pneumonia (J09-J18),Influenza and pneumonia,Idaho,189,11.3
2012,"Nephritis, nephrotic syndrome and nephrosis (N00-N07,N17-N19,N25-N27)",Kidney disease,Maryland,704,11.3
2011,"Nephritis, nephrotic syndrome and nephrosis (N00-N07,N17-N19,N25-N27)",Kidney disease,New Hampshire,172,11.3
2010,Alzheimer's disease (G30),Alzheimer's disease,New York,2616,11.3
2010,"Intentional self-harm (suicide) (*U03,X60-X84,Y87.0)",Suicide,Delaware,106,11.3
2010,"Nephritis, nephrotic syndrome and nephrosis (N00-N07,N17-N19,N25-N27)",Kidney disease,Montana,133,11.3
2009,"Nephritis, nephrotic syndrome and nephrosis (N00-N07,N17-N19,N25-N27)",Kidney disease,Montana,129,11.3
2007,"Intentional self-harm (suicide) (*U03,X60-X84,Y87.0)",Suicide,United States,34598,11.3
2006,"Intentional self-harm (suicide) (*U03,X60-X84,Y87.0)",Suicide,Ohio,1325,11.3
2004,"Intentional self-harm (suicide) (*U03,X60-X84,Y87.0)",Suicide,Georgia,973,11.3
2004,"Intentional self-harm (suicide) (*U03,X60-X84,Y87.0)",Suicide,Indiana,704,11.3
2004,"Intentional self-harm (suicide) (*U03,X60-X84,Y87.0)",Suicide,South Carolina,482,11.3
2002,"Intentional self-harm (suicide) (*U03,X60-X84,Y87.0)",Suicide,Wisconsin,627,11.3
2000,"Intentional self-harm (suicide) (*U03,X60-X84,Y87.0)",Suicide,Indiana,683,11.3
2000,"Intentional self-harm (suicide) (*U03,X60-X84,Y87.0)",Suicide,Nebraska,193,11.3
2000,"Nephritis, nephrotic syndrome and nephrosis (N00-N07,N17-N19,N25-N27)",Kidney disease,Utah,170,11.3
2017,Influenza and pneumonia (J09-J18),Influenza and pneumonia,District of Columbia,79,11.4
2015,"Nephritis, nephrotic syndrome and nephrosis (N00-N07,N17-N19,N25-N27)",Kidney disease,Maine,211,11.4
2015,"Nephritis, nephrotic syndrome and nephrosis (N00-N07,N17-N19,N25-N27)",Kidney disease,New Hampshire,194,11.4
2014,Diabetes mellitus (E10-E14),Diabetes,Nevada,350,11.4
2013,"Nephritis, nephrotic syndrome and nephrosis (N00-N07,N17-N19,N25-N27)",Kidney disease,Maryland,737,11.4
2011,"Nephritis, nephrotic syndrome and nephrosis (N00-N07,N17-N19,N25-N27)",Kidney disease,Florida,3012,11.4
2011,"Nephritis, nephrotic syndrome and nephrosis (N00-N07,N17-N19,N25-N27)",Kidney disease,Minnesota,696,11.4
2010,Influenza and pneumonia (J09-J18),Influenza and pneumonia,Arizona,768,11.4
2009,"Nephritis, nephrotic syndrome and nephrosis (N00-N07,N17-N19,N25-N27)",Kidney disease,New Hampshire,165,11.4
2007,Influenza and pneumonia (J09-J18),Influenza and pneumonia,Washington,743,11.4
2006,"Intentional self-harm (suicide) (*U03,X60-X84,Y87.0)",Suicide,Mississippi,325,11.4
2005,"Nephritis, nephrotic syndrome and nephrosis (N00-N07,N17-N19,N25-N27)",Kidney disease,New York,2360,11.4
2004,"Intentional self-harm (suicide) (*U03,X60-X84,Y87.0)",Suicide,Ohio,1319,11.4
2003,"Intentional self-harm (suicide) (*U03,X60-X84,Y87.0)",Suicide,Alabama,521,11.4
2003,"Intentional self-harm (suicide) (*U03,X60-X84,Y87.0)",Suicide,Delaware,94,11.4
2001,"Intentional self-harm (suicide) (*U03,X60-X84,Y87.0)",Suicide,Alabama,512,11.4
2001,"Intentional self-harm (suicide) (*U03,X60-X84,Y87.0)",Suicide,Georgia,935,11.4
2001,"Intentional self-harm (suicide) (*U03,X60-X84,Y87.0)",Suicide,South Carolina,467,11.4
2001,"Intentional self-harm (suicide) (*U03,X60-X84,Y87.0)",Suicide,Vermont,72,11.4
2001,"Nephritis, nephrotic syndrome and nephrosis (N00-N07,N17-N19,N25-N27)",Kidney disease,Colorado,391,11.4
2001,"Nephritis, nephrotic syndrome and nephrosis (N00-N07,N17-N19,N25-N27)",Kidney disease,New Hampshire,136,11.4
2000,"Nephritis, nephrotic syndrome and nephrosis (N00-N07,N17-N19,N25-N27)",Kidney disease,Texas,1870,11.4
1999,Alzheimer's disease (G30),Alzheimer's disease,Connecticut,449,11.4
2016,Influenza and pneumonia (J09-J18),Influenza and pneumonia,District of Columbia,78,11.5
2016,"Intentional self-harm (suicide) (*U03,X60-X84,Y87.0)",Suicide,Delaware,119,11.5
2014,Influenza and pneumonia (J09-J18),Influenza and pneumonia,District of Columbia,74,11.5
2014,Influenza and pneumonia (J09-J18),Influenza and pneumonia,New Hampshire,194,11.5
2014,"Nephritis, nephrotic syndrome and nephrosis (N00-N07,N17-N19,N25-N27)",Kidney disease,Maryland,751,11.5
2014,"Nephritis, nephrotic syndrome and nephrosis (N00-N07,N17-N19,N25-N27)",Kidney disease,Nebraska,265,11.5
2011,"Intentional self-harm (suicide) (*U03,X60-X84,Y87.0)",Suicide,Texas,2896,11.5
2011,"Nephritis, nephrotic syndrome and nephrosis (N00-N07,N17-N19,N25-N27)",Kidney disease,Hawaii,201,11.5
2010,"Nephritis, nephrotic syndrome and nephrosis (N00-N07,N17-N19,N25-N27)",Kidney disease,North Dakota,104,11.5
2009,"Intentional self-harm (suicide) (*U03,X60-X84,Y87.0)",Suicide,Michigan,1169,11.5
2008,"Nephritis, nephrotic syndrome and nephrosis (N00-N07,N17-N19,N25-N27)",Kidney disease,Colorado,483,11.5
2006,"Intentional self-harm (suicide) (*U03,X60-X84,Y87.0)",Suicide,Louisiana,492,11.5
2005,"Intentional self-harm (suicide) (*U03,X60-X84,Y87.0)",Suicide,Alabama,535,11.5
2005,"Intentional self-harm (suicide) (*U03,X60-X84,Y87.0)",Suicide,North Carolina,1009,11.5
2005,"Intentional self-harm (suicide) (*U03,X60-X84,Y87.0)",Suicide,Ohio,1341,11.5
2004,"Intentional self-harm (suicide) (*U03,X60-X84,Y87.0)",Suicide,Iowa,343,11.5
2003,"Intentional self-harm (suicide) (*U03,X60-X84,Y87.0)",Suicide,South Carolina,476,11.5
2003,"Nephritis, nephrotic syndrome and nephrosis (N00-N07,N17-N19,N25-N27)",Kidney disease,Colorado,409,11.5
2003,"Nephritis, nephrotic syndrome and nephrosis (N00-N07,N17-N19,N25-N27)",Kidney disease,Maryland,583,11.5
2003,"Nephritis, nephrotic syndrome and nephrosis (N00-N07,N17-N19,N25-N27)",Kidney disease,Rhode Island,149,11.5
2002,"Intentional self-harm (suicide) (*U03,X60-X84,Y87.0)",Suicide,Alabama,514,11.5
2001,"Nephritis, nephrotic syndrome and nephrosis (N00-N07,N17-N19,N25-N27)",Kidney disease,Utah,178,11.5
2017,"Intentional self-harm (suicide) (*U03,X60-X84,Y87.0)",Suicide,Delaware,112,11.6
2017,"Nephritis, nephrotic syndrome and nephrosis (N00-N07,N17-N19,N25-N27)",Kidney disease,Rhode Island,176,11.6
2016,Influenza and pneumonia (J09-J18),Influenza and pneumonia,Iowa,504,11.6
2013,Influenza and pneumonia (J09-J18),Influenza and pneumonia,Minnesota,751,11.6
2013,"Intentional self-harm (suicide) (*U03,X60-X84,Y87.0)",Suicide,Nebraska,220,11.6
2012,Influenza and pneumonia (J09-J18),Influenza and pneumonia,Maine,205,11.6
2009,"Intentional self-harm (suicide) (*U03,X60-X84,Y87.0)",Suicide,Texas,2809,11.6
2008,Influenza and pneumonia (J09-J18),Influenza and pneumonia,Washington,771,11.6
2008,"Intentional self-harm (suicide) (*U03,X60-X84,Y87.0)",Suicide,United States,36035,11.6
2007,"Intentional self-harm (suicide) (*U03,X60-X84,Y87.0)",Suicide,North Carolina,1077,11.6
2007,"Intentional self-harm (suicide) (*U03,X60-X84,Y87.0)",Suicide,South Carolina,530,11.6
2006,"Nephritis, nephrotic syndrome and nephrosis (N00-N07,N17-N19,N25-N27)",Kidney disease,Utah,210,11.6
2006,"Nephritis, nephrotic syndrome and nephrosis (N00-N07,N17-N19,N25-N27)",Kidney disease,Wyoming,58,11.6
2005,"Intentional self-harm (suicide) (*U03,X60-X84,Y87.0)",Suicide,Wisconsin,643,11.6
2004,"Nephritis, nephrotic syndrome and nephrosis (N00-N07,N17-N19,N25-N27)",Kidney disease,New York,2383,11.6
2003,"Intentional self-harm (suicide) (*U03,X60-X84,Y87.0)",Suicide,Georgia,972,11.6
2003,"Intentional self-harm (suicide) (*U03,X60-X84,Y87.0)",Suicide,Wisconsin,647,11.6
2002,"Nephritis, nephrotic syndrome and nephrosis (N00-N07,N17-N19,N25-N27)",Kidney disease,New Hampshire,141,11.6
2000,"Nephritis, nephrotic syndrome and nephrosis (N00-N07,N17-N19,N25-N27)",Kidney disease,Alaska,30,11.6
1999,"Intentional self-harm (suicide) (*U03,X60-X84,Y87.0)",Suicide,Kentucky,470,11.6
2017,Influenza and pneumonia (J09-J18),Influenza and pneumonia,Alaska,66,11.7
2017,Influenza and pneumonia (J09-J18),Influenza and pneumonia,New Jersey,1337,11.7
2016,Influenza and pneumonia (J09-J18),Influenza and pneumonia,Connecticut,572,11.7
2016,"Nephritis, nephrotic syndrome and nephrosis (N00-N07,N17-N19,N25-N27)",Kidney disease,New Mexico,293,11.7
2015,"Intentional self-harm (suicide) (*U03,X60-X84,Y87.0)",Suicide,Nebraska,223,11.7
2014,Influenza and pneumonia (J09-J18),Influenza and pneumonia,Rhode Island,176,11.7
2014,"Nephritis, nephrotic syndrome and nephrosis (N00-N07,N17-N19,N25-N27)",Kidney disease,Maine,223,11.7
2013,"Intentional self-harm (suicide) (*U03,X60-X84,Y87.0)",Suicide,Texas,3059,11.7
2012,"Intentional self-harm (suicide) (*U03,X60-X84,Y87.0)",Suicide,Georgia,1168,11.7
2011,"Intentional self-harm (suicide) (*U03,X60-X84,Y87.0)",Suicide,Georgia,1157,11.7
2010,"Intentional self-harm (suicide) (*U03,X60-X84,Y87.0)",Suicide,Georgia,1133,11.7
2010,"Intentional self-harm (suicide) (*U03,X60-X84,Y87.0)",Suicide,Virginia,963,11.7
2009,Influenza and pneumonia (J09-J18),Influenza and pneumonia,Oregon,507,11.7
2009,"Intentional self-harm (suicide) (*U03,X60-X84,Y87.0)",Suicide,Delaware,107,11.7
2009,"Intentional self-harm (suicide) (*U03,X60-X84,Y87.0)",Suicide,Virginia,963,11.7
2007,"Nephritis, nephrotic syndrome and nephrosis (N00-N07,N17-N19,N25-N27)",Kidney disease,Hawaii,176,11.7
2004,"Intentional self-harm (suicide) (*U03,X60-X84,Y87.0)",Suicide,Alabama,541,11.7
2004,"Nephritis, nephrotic syndrome and nephrosis (N00-N07,N17-N19,N25-N27)",Kidney disease,Tennessee,680,11.7
2002,"Nephritis, nephrotic syndrome and nephrosis (N00-N07,N17-N19,N25-N27)",Kidney disease,Utah,184,11.7
2001,"Intentional self-harm (suicide) (*U03,X60-X84,Y87.0)",Suicide,Indiana,715,11.7
2001,"Intentional self-harm (suicide) (*U03,X60-X84,Y87.0)",Suicide,Mississippi,328,11.7
2001,"Intentional self-harm (suicide) (*U03,X60-X84,Y87.0)",Suicide,Wisconsin,639,11.7
2001,"Nephritis, nephrotic syndrome and nephrosis (N00-N07,N17-N19,N25-N27)",Kidney disease,Wyoming,54,11.7
2017,"Intentional self-harm (suicide) (*U03,X60-X84,Y87.0)",Suicide,Rhode Island,129,11.8
2016,Influenza and pneumonia (J09-J18),Influenza and pneumonia,New Hampshire,203,11.8
2014,"Nephritis, nephrotic syndrome and nephrosis (N00-N07,N17-N19,N25-N27)",Kidney disease,Hawaii,220,11.8
2013,"Intentional self-harm (suicide) (*U03,X60-X84,Y87.0)",Suicide,Hawaii,171,11.8
2012,Influenza and pneumonia (J09-J18),Influenza and pneumonia,Connecticut,558,11.8
2011,"Nephritis, nephrotic syndrome and nephrosis (N00-N07,N17-N19,N25-N27)",Kidney disease,Tennessee,810,11.8
2010,"Intentional self-harm (suicide) (*U03,X60-X84,Y87.0)",Suicide,Texas,2891,11.8
2009,"Intentional self-harm (suicide) (*U03,X60-X84,Y87.0)",Suicide,United States,36909,11.8
2008,"Intentional self-harm (suicide) (*U03,X60-X84,Y87.0)",Suicide,Michigan,1180,11.8
2008,"Intentional self-harm (suicide) (*U03,X60-X84,Y87.0)",Suicide,Pennsylvania,1539,11.8
2008,"Intentional self-harm (suicide) (*U03,X60-X84,Y87.0)",Suicide,Virginia,948,11.8
2008,"Nephritis, nephrotic syndrome and nephrosis (N00-N07,N17-N19,N25-N27)",Kidney disease,Idaho,173,11.8
2008,"Nephritis, nephrotic syndrome and nephrosis (N00-N07,N17-N19,N25-N27)",Kidney disease,North Dakota,98,11.8
2006,"Intentional self-harm (suicide) (*U03,X60-X84,Y87.0)",Suicide,South Carolina,524,11.8
2006,"Nephritis, nephrotic syndrome and nephrosis (N00-N07,N17-N19,N25-N27)",Kidney disease,New Hampshire,160,11.8
2005,"Intentional self-harm (suicide) (*U03,X60-X84,Y87.0)",Suicide,South Carolina,510,11.8
2004,"Nephritis, nephrotic syndrome and nephrosis (N00-N07,N17-N19,N25-N27)",Kidney disease,Hawaii,164,11.8
2003,"Intentional self-harm (suicide) (*U03,X60-X84,Y87.0)",Suicide,Missouri,679,11.8
2003,"Nephritis, nephrotic syndrome and nephrosis (N00-N07,N17-N19,N25-N27)",Kidney disease,Tennessee,677,11.8
2002,"Intentional self-harm (suicide) (*U03,X60-X84,Y87.0)",Suicide,Nebraska,201,11.8
2002,"Intentional self-harm (suicide) (*U03,X60-X84,Y87.0)",Suicide,North Carolina,986,11.8
2000,"Intentional self-harm (suicide) (*U03,X60-X84,Y87.0)",Suicide,Maine,154,11.8
1999,"Nephritis, nephrotic syndrome and nephrosis (N00-N07,N17-N19,N25-N27)",Kidney disease,South Carolina,434,11.8
2017,"Nephritis, nephrotic syndrome and nephrosis (N00-N07,N17-N19,N25-N27)",Kidney disease,Maryland,830,11.9
2016,Influenza and pneumonia (J09-J18),Influenza and pneumonia,Wisconsin,888,11.9
2013,"Nephritis, nephrotic syndrome and nephrosis (N00-N07,N17-N19,N25-N27)",Kidney disease,Connecticut,565,11.9
2012,"Intentional self-harm (suicide) (*U03,X60-X84,Y87.0)",Suicide,Texas,3037,11.9
2011,"Nephritis, nephrotic syndrome and nephrosis (N00-N07,N17-N19,N25-N27)",Kidney disease,Maryland,713,11.9
2010,Influenza and pneumonia (J09-J18),Influenza and pneumonia,Nebraska,266,11.9
2010,"Intentional self-harm (suicide) (*U03,X60-X84,Y87.0)",Suicide,Pennsylvania,1576,11.9
2009,"Intentional self-harm (suicide) (*U03,X60-X84,Y87.0)",Suicide,Georgia,1134,11.9
2009,"Intentional self-harm (suicide) (*U03,X60-X84,Y87.0)",Suicide,Iowa,361,11.9
2009,"Intentional self-harm (suicide) (*U03,X60-X84,Y87.0)",Suicide,New Hampshire,166,11.9
2008,"Intentional self-harm (suicide) (*U03,X60-X84,Y87.0)",Suicide,Delaware,109,11.9
2007,"Nephritis, nephrotic syndrome and nephrosis (N00-N07,N17-N19,N25-N27)",Kidney disease,District of Columbia,67,11.9
2005,"Intentional self-harm (suicide) (*U03,X60-X84,Y87.0)",Suicide,Indiana,745,11.9
2005,"Nephritis, nephrotic syndrome and nephrosis (N00-N07,N17-N19,N25-N27)",Kidney disease,Rhode Island,156,11.9
2004,"Intentional self-harm (suicide) (*U03,X60-X84,Y87.0)",Suicide,Louisiana,537,11.9
2004,"Intentional self-harm (suicide) (*U03,X60-X84,Y87.0)",Suicide,North Carolina,1027,11.9
2004,"Intentional self-harm (suicide) (*U03,X60-X84,Y87.0)",Suicide,Wisconsin,662,11.9
2003,Alzheimer's disease (G30),Alzheimer's disease,Hawaii,161,11.9
2003,"Intentional self-harm (suicide) (*U03,X60-X84,Y87.0)",Suicide,Indiana,736,11.9
2003,"Intentional self-harm (suicide) (*U03,X60-X84,Y87.0)",Suicide,Iowa,352,11.9
2003,"Intentional self-harm (suicide) (*U03,X60-X84,Y87.0)",Suicide,Mississippi,336,11.9
2003,"Nephritis, nephrotic syndrome and nephrosis (N00-N07,N17-N19,N25-N27)",Kidney disease,New York,2415,11.9
2003,"Nephritis, nephrotic syndrome and nephrosis (N00-N07,N17-N19,N25-N27)",Kidney disease,Wyoming,57,11.9
2002,"Nephritis, nephrotic syndrome and nephrosis (N00-N07,N17-N19,N25-N27)",Kidney disease,Arizona,622,11.9
2002,"Nephritis, nephrotic syndrome and nephrosis (N00-N07,N17-N19,N25-N27)",Kidney disease,Colorado,417,11.9
2001,"Intentional self-harm (suicide) (*U03,X60-X84,Y87.0)",Suicide,Washington,712,11.9
1999,Alzheimer's disease (G30),Alzheimer's disease,Alaska,24,11.9
1999,"Intentional self-harm (suicide) (*U03,X60-X84,Y87.0)",Suicide,Louisiana,518,11.9
1999,"Nephritis, nephrotic syndrome and nephrosis (N00-N07,N17-N19,N25-N27)",Kidney disease,Oklahoma,425,11.9
1999,"Nephritis, nephrotic syndrome and nephrosis (N00-N07,N17-N19,N25-N27)",Kidney disease,Wisconsin,677,11.9
2016,Influenza and pneumonia (J09-J18),Influenza and pneumonia,Maine,231,12.0
2016,Influenza and pneumonia (J09-J18),Influenza and pneumonia,South Carolina,690,12.0
2013,Influenza and pneumonia (J09-J18),Influenza and pneumonia,Colorado,606,12.0
2013,"Intentional self-harm (suicide) (*U03,X60-X84,Y87.0)",Suicide,Georgia,1212,12.0
2012,"Intentional self-harm (suicide) (*U03,X60-X84,Y87.0)",Suicide,Minnesota,656,12.0
2011,"Nephritis, nephrotic syndrome and nephrosis (N00-N07,N17-N19,N25-N27)",Kidney disease,New Mexico,268,12.0
2011,"Nephritis, nephrotic syndrome and nephrosis (N00-N07,N17-N19,N25-N27)",Kidney disease,North Dakota,110,12.0
2010,"Intentional self-harm (suicide) (*U03,X60-X84,Y87.0)",Suicide,North Carolina,1174,12.0
2008,Influenza and pneumonia (J09-J18),Influenza and pneumonia,Oregon,517,12.0
2008,"Intentional self-harm (suicide) (*U03,X60-X84,Y87.0)",Suicide,Louisiana,532,12.0
2008,"Intentional self-harm (suicide) (*U03,X60-X84,Y87.0)",Suicide,South Carolina,565,12.0
2008,"Nephritis, nephrotic syndrome and nephrosis (N00-N07,N17-N19,N25-N27)",Kidney disease,Rhode Island,163,12.0
2007,"Intentional self-harm (suicide) (*U03,X60-X84,Y87.0)",Suicide,Louisiana,522,12.0
2007,"Nephritis, nephrotic syndrome and nephrosis (N00-N07,N17-N19,N25-N27)",Kidney disease,Utah,220,12.0
2006,"Intentional self-harm (suicide) (*U03,X60-X84,Y87.0)",Suicide,Wisconsin,670,12.0
2006,"Nephritis, nephrotic syndrome and nephrosis (N00-N07,N17-N19,N25-N27)",Kidney disease,Montana,132,12.0
2005,"Intentional self-harm (suicide) (*U03,X60-X84,Y87.0)",Suicide,New Hampshire,162,12.0
2005,"Nephritis, nephrotic syndrome and nephrosis (N00-N07,N17-N19,N25-N27)",Kidney disease,Tennessee,719,12.0
2003,"Intentional self-harm (suicide) (*U03,X60-X84,Y87.0)",Suicide,New Hampshire,158,12.0
2003,"Nephritis, nephrotic syndrome and nephrosis (N00-N07,N17-N19,N25-N27)",Kidney disease,New Hampshire,150,12.0
2001,"Intentional self-harm (suicide) (*U03,X60-X84,Y87.0)",Suicide,North Carolina,997,12.0
2000,"Intentional self-harm (suicide) (*U03,X60-X84,Y87.0)",Suicide,North Carolina,971,12.0
2000,"Nephritis, nephrotic syndrome and nephrosis (N00-N07,N17-N19,N25-N27)",Kidney disease,Maine,175,12.0
2000,"Nephritis, nephrotic syndrome and nephrosis (N00-N07,N17-N19,N25-N27)",Kidney disease,Montana,116,12.0
1999,Alzheimer's disease (G30),Alzheimer's disease,New Jersey,1041,12.0
1999,"Nephritis, nephrotic syndrome and nephrosis (N00-N07,N17-N19,N25-N27)",Kidney disease,Maryland,563,12.0
1999,"Nephritis, nephrotic syndrome and nephrosis (N00-N07,N17-N19,N25-N27)",Kidney disease,New York,2302,12.0
2016,"Intentional self-harm (suicide) (*U03,X60-X84,Y87.0)",Suicide,Hawaii,174,12.1
2016,"Nephritis, nephrotic syndrome and nephrosis (N00-N07,N17-N19,N25-N27)",Kidney disease,Connecticut,570,12.1
2016,"Nephritis, nephrotic syndrome and nephrosis (N00-N07,N17-N19,N25-N27)",Kidney disease,Maryland,823,12.1
2015,"Nephritis, nephrotic syndrome and nephrosis (N00-N07,N17-N19,N25-N27)",Kidney disease,Connecticut,584,12.1
2013,"Intentional self-harm (suicide) (*U03,X60-X84,Y87.0)",Suicide,Minnesota,678,12.1
2012,Influenza and pneumonia (J09-J18),Influenza and pneumonia,District of Columbia,76,12.1
2011,Influenza and pneumonia (J09-J18),Influenza and pneumonia,New Jersey,1257,12.1
2010,Influenza and pneumonia (J09-J18),Influenza and pneumonia,Connecticut,568,12.1
2010,"Intentional self-harm (suicide) (*U03,X60-X84,Y87.0)",Suicide,Iowa,372,12.1
2010,"Intentional self-harm (suicide) (*U03,X60-X84,Y87.0)",Suicide,United States,38364,12.1
2010,"Nephritis, nephrotic syndrome and nephrosis (N00-N07,N17-N19,N25-N27)",Kidney disease,Idaho,186,12.1
2009,"Nephritis, nephrotic syndrome and nephrosis (N00-N07,N17-N19,N25-N27)",Kidney disease,Nebraska,258,12.1
2008,"Intentional self-harm (suicide) (*U03,X60-X84,Y87.0)",Suicide,Kansas,337,12.1
2008,"Nephritis, nephrotic syndrome and nephrosis (N00-N07,N17-N19,N25-N27)",Kidney disease,Florida,2946,12.1
2006,"Nephritis, nephrotic syndrome and nephrosis (N00-N07,N17-N19,N25-N27)",Kidney disease,Colorado,472,12.1
2005,"Nephritis, nephrotic syndrome and nephrosis (N00-N07,N17-N19,N25-N27)",Kidney disease,District of Columbia,68,12.1
2002,"Intentional self-harm (suicide) (*U03,X60-X84,Y87.0)",Suicide,Indiana,743,12.1
2002,"Intentional self-harm (suicide) (*U03,X60-X84,Y87.0)",Suicide,Missouri,693,12.1
2001,"Intentional self-harm (suicide) (*U03,X60-X84,Y87.0)",Suicide,Kentucky,495,12.1
2001,"Intentional self-harm (suicide) (*U03,X60-X84,Y87.0)",Suicide,Maine,161,12.1
2001,"Nephritis, nephrotic syndrome and nephrosis (N00-N07,N17-N19,N25-N27)",Kidney disease,Maryland,593,12.1
1999,"Intentional self-harm (suicide) (*U03,X60-X84,Y87.0)",Suicide,West Virginia,229,12.1
1999,"Nephritis, nephrotic syndrome and nephrosis (N00-N07,N17-N19,N25-N27)",Kidney disease,Connecticut,457,12.1
1999,"Nephritis, nephrotic syndrome and nephrosis (N00-N07,N17-N19,N25-N27)",Kidney disease,Minnesota,605,12.1
1999,"Nephritis, nephrotic syndrome and nephrosis (N00-N07,N17-N19,N25-N27)",Kidney disease,Nebraska,232,12.1
2014,"Intentional self-harm (suicide) (*U03,X60-X84,Y87.0)",Suicide,Minnesota,686,12.2
2014,"Intentional self-harm (suicide) (*U03,X60-X84,Y87.0)",Suicide,Texas,3254,12.2
2014,"Nephritis, nephrotic syndrome and nephrosis (N00-N07,N17-N19,N25-N27)",Kidney disease,Wyoming,78,12.2
2013,Influenza and pneumonia (J09-J18),Influenza and pneumonia,Connecticut,604,12.2
2013,"Intentional self-harm (suicide) (*U03,X60-X84,Y87.0)",Suicide,Rhode Island,132,12.2
2012,Influenza and pneumonia (J09-J18),Influenza and pneumonia,Montana,155,12.2
2011,"Intentional self-harm (suicide) (*U03,X60-X84,Y87.0)",Suicide,Michigan,1221,12.2
2010,"Intentional self-harm (suicide) (*U03,X60-X84,Y87.0)",Suicide,Ohio,1439,12.2
2009,"Intentional self-harm (suicide) (*U03,X60-X84,Y87.0)",Suicide,North Carolina,1174,12.2
2009,"Intentional self-harm (suicide) (*U03,X60-X84,Y87.0)",Suicide,Pennsylvania,1631,12.2
2009,"Nephritis, nephrotic syndrome and nephrosis (N00-N07,N17-N19,N25-N27)",Kidney disease,Florida,3050,12.2
2008,"Intentional self-harm (suicide) (*U03,X60-X84,Y87.0)",Suicide,Ohio,1412,12.2
2007,"Nephritis, nephrotic syndrome and nephrosis (N00-N07,N17-N19,N25-N27)",Kidney disease,Florida,2923,12.2
2006,"Intentional self-harm (suicide) (*U03,X60-X84,Y87.0)",Suicide,North Carolina,1106,12.2
2006,"Intentional self-harm (suicide) (*U03,X60-X84,Y87.0)",Suicide,Vermont,81,12.2
2006,"Nephritis, nephrotic syndrome and nephrosis (N00-N07,N17-N19,N25-N27)",Kidney disease,District of Columbia,68,12.2
2006,"Nephritis, nephrotic syndrome and nephrosis (N00-N07,N17-N19,N25-N27)",Kidney disease,Hawaii,179,12.2
2005,Influenza and pneumonia (J09-J18),Influenza and pneumonia,Florida,2802,12.2
2004,Alzheimer's disease (G30),Alzheimer's disease,Hawaii,171,12.2
2004,"Intentional self-harm (suicide) (*U03,X60-X84,Y87.0)",Suicide,Mississippi,350,12.2
2002,"Intentional self-harm (suicide) (*U03,X60-X84,Y87.0)",Suicide,Mississippi,343,12.2
2001,"Intentional self-harm (suicide) (*U03,X60-X84,Y87.0)",Suicide,Tennessee,711,12.2
2001,"Nephritis, nephrotic syndrome and nephrosis (N00-N07,N17-N19,N25-N27)",Kidney disease,New York,2421,12.2
2000,"Intentional self-harm (suicide) (*U03,X60-X84,Y87.0)",Suicide,Kansas,325,12.2
2000,"Nephritis, nephrotic syndrome and nephrosis (N00-N07,N17-N19,N25-N27)",Kidney disease,Arizona,614,12.2
1999,"Intentional self-harm (suicide) (*U03,X60-X84,Y87.0)",Suicide,Florida,2029,12.2
2017,Influenza and pneumonia (J09-J18),Influenza and pneumonia,South Carolina,723,12.3
2015,Influenza and pneumonia (J09-J18),Influenza and pneumonia,Colorado,659,12.3
